time,resultDescription
2025-11-02T13:00:45.4398154Z,"2025-11-02 13:00:45,439 - INFO - src.routes.routes - Model: sonar-deep-research | Use Database: False | Relevant Documents: 10 | Mode:  | Search Mode: internet"
2025-11-02T16:51:14.3329628Z,"2025-11-02 16:51:14,332 - INFO - src.routes.routes - Model: sonar-deep-research | Use Database: False | Relevant Documents: 10 | Mode:  | Search Mode: internet"
2025-11-03T07:17:20.2375312Z,"2025-11-03 07:17:20,223 - INFO - src.routes.routes - Model: sonar | Use Database: False | Relevant Documents: 10 | Mode:  | Search Mode: internet"
2025-11-03T07:33:09.5454584Z,"2025-11-03 07:33:09,545 - INFO - src.routes.routes - Model: sonar | Use Database: False | Relevant Documents: 10 | Mode:  | Search Mode: internet"
2025-11-03T07:45:21.6609707Z,"2025-11-03 07:45:21,654 - INFO - src.routes.routes - Model: sonar | Use Database: False | Relevant Documents: 10 | Mode:  | Search Mode: internet"
2025-11-03T07:48:29.5214845Z,"2025-11-03 07:48:29,519 - INFO - src.routes.routes - Model: gpt-5-mini | Use Database: False | Relevant Documents: 10 | Mode:  | Search Mode: "
2025-11-03T07:50:16.8171128Z,"2025-11-03 07:50:16,816 - INFO - src.routes.routes - Model: sonar-deep-research | Use Database: False | Relevant Documents: 10 | Mode:  | Search Mode: internet"
2025-11-03T08:08:58.589147Z,"2025-11-03 08:08:58,588 - INFO - src.routes.routes - Model: gpt-5-mini | Use Database: True | Relevant Documents: 10 | Mode: default | Search Mode: database"
2025-11-03T08:05:49.108844Z,"2025-11-03 08:05:49,108 - INFO - src.routes.routes - Model: gpt-5-mini | Use Database: True | Relevant Documents: 10 | Mode: default | Search Mode: database"
2025-11-03T08:12:01.175494Z,"2025-11-03 08:12:01,175 - INFO - src.routes.routes - Model: gpt-4.1 | Use Database: False | Relevant Documents: 10 | Mode:  | Search Mode: "
2025-11-03T08:20:35.3595629Z,"2025-11-03 08:20:35,359 - INFO - src.routes.routes - Model: gpt-5-mini | Use Database: True | Relevant Documents: 10 | Mode: default | Search Mode: database"
2025-11-03T08:21:12.2363348Z,"2025-11-03 08:21:12,236 - INFO - src.routes.routes - Model: sonar | Use Database: False | Relevant Documents: 10 | Mode:  | Search Mode: internet"
2025-11-03T09:32:12.9102489Z,"2025-11-03 09:32:12,909 - INFO - src.routes.routes - Model: sonar | Use Database: False | Relevant Documents: 10 | Mode:  | Search Mode: internet"
2025-11-03T09:40:32.1373764Z,"2025-11-03 09:40:32,137 - INFO - src.routes.routes - Model: gpt-5-mini | Use Database: False | Relevant Documents: 10 | Mode:  | Search Mode: "
2025-11-03T09:44:34.0294971Z,"2025-11-03 09:44:34,029 - INFO - src.routes.routes - Model: gpt-5-mini | Use Database: False | Relevant Documents: 10 | Mode:  | Search Mode: "
2025-11-03T09:47:51.6903328Z,"2025-11-03 09:47:51,690 - INFO - src.routes.routes - Model: gpt-5-mini | Use Database: False | Relevant Documents: 10 | Mode:  | Search Mode: "
2025-11-03T10:21:18.1243282Z,"2025-11-03 10:21:18,122 - INFO - src.routes.routes - Model: sonar-reasoning | Use Database: False | Relevant Documents: 10 | Mode:  | Search Mode: internet"
2025-11-03T10:44:08.3638271Z,"2025-11-03 10:44:08,363 - INFO - src.routes.routes - Model: gpt-5-mini | Use Database: False | Relevant Documents: 10 | Mode:  | Search Mode: "
2025-11-03T12:11:50.9584237Z,"2025-11-03 12:11:50,958 - INFO - src.routes.routes - Model: sonar | Use Database: False | Relevant Documents: 10 | Mode:  | Search Mode: internet"
2025-11-03T12:09:19.8007653Z,"2025-11-03 12:09:19,800 - INFO - src.routes.routes - Model: sonar | Use Database: False | Relevant Documents: 10 | Mode:  | Search Mode: internet"
2025-11-03T13:07:16.9067306Z,"2025-11-03 13:07:16,901 - INFO - src.routes.routes - Model: sonar | Use Database: False | Relevant Documents: 10 | Mode:  | Search Mode: internet"
2025-11-03T13:48:10.326255Z,"2025-11-03 13:48:10,325 - INFO - src.routes.routes - Model: gpt-5-mini | Use Database: True | Relevant Documents: 10 | Mode: default | Search Mode: database"
2025-11-03T13:50:17.3918227Z,"2025-11-03 13:50:17,391 - INFO - src.routes.routes - Model: gpt-5-mini | Use Database: False | Relevant Documents: 10 | Mode:  | Search Mode: "
2025-11-03T13:50:40.5910858Z,"2025-11-03 13:50:40,590 - INFO - src.routes.routes - Model: sonar | Use Database: False | Relevant Documents: 10 | Mode:  | Search Mode: internet"
2025-11-03T13:55:16.3508895Z,"2025-11-03 13:55:16,350 - INFO - src.routes.routes - Model: gpt-5-mini | Use Database: False | Relevant Documents: 10 | Mode:  | Search Mode: "
2025-11-03T13:55:46.9424784Z,"2025-11-03 13:55:46,942 - INFO - src.routes.routes - Model: gpt-5-mini | Use Database: False | Relevant Documents: 10 | Mode:  | Search Mode: "
2025-11-03T13:56:49.4035069Z,"2025-11-03 13:56:49,403 - INFO - src.routes.routes - Model: gpt-5-mini | Use Database: False | Relevant Documents: 10 | Mode:  | Search Mode: "
2025-11-03T13:52:09.4567362Z,"2025-11-03 13:52:09,445 - INFO - src.routes.routes - Model: gpt-5-mini | Use Database: False | Relevant Documents: 10 | Mode:  | Search Mode: "
2025-11-03T14:38:41.7073941Z,"2025-11-03 14:38:41,707 - INFO - src.routes.routes - Model: gpt-5-mini | Use Database: False | Relevant Documents: 10 | Mode:  | Search Mode: "
2025-11-03T14:39:58.6852623Z,"2025-11-03 14:39:58,684 - INFO - src.routes.routes - Model: gpt-5-mini | Use Database: False | Relevant Documents: 10 | Mode:  | Search Mode: "
2025-11-03T14:52:34.0418308Z,"2025-11-03 14:52:34,041 - INFO - src.routes.routes - Model: gpt-5-mini | Use Database: False | Relevant Documents: 10 | Mode:  | Search Mode: "
2025-11-03T15:59:34.033917Z,"2025-11-03 15:59:34,033 - INFO - src.routes.routes - Model: sonar | Use Database: False | Relevant Documents: 10 | Mode:  | Search Mode: internet"
2025-11-03T16:01:10.2989318Z,"2025-11-03 16:01:10,298 - INFO - src.routes.routes - Model: sonar | Use Database: False | Relevant Documents: 10 | Mode:  | Search Mode: internet"
2025-11-03T16:03:52.8560359Z,"2025-11-03 16:03:52,855 - INFO - src.routes.routes - Model: gpt-4.1 | Use Database: False | Relevant Documents: 10 | Mode:  | Search Mode: "
2025-11-03T16:06:07.1968929Z,"2025-11-03 16:06:07,196 - INFO - src.routes.routes - Model: gpt-5-mini | Use Database: False | Relevant Documents: 10 | Mode:  | Search Mode: "
2025-11-03T16:10:22.035446Z,"2025-11-03 16:10:22,035 - INFO - src.routes.routes - Model: sonar | Use Database: False | Relevant Documents: 10 | Mode:  | Search Mode: internet"
2025-11-03T17:17:32.9163641Z,"2025-11-03 17:17:32,916 - INFO - src.routes.routes - Model: sonar-reasoning | Use Database: False | Relevant Documents: 10 | Mode:  | Search Mode: internet"
2025-11-03T17:23:43.8256518Z,"2025-11-03 17:23:43,825 - INFO - src.routes.routes - Model: sonar-reasoning | Use Database: False | Relevant Documents: 10 | Mode:  | Search Mode: internet"
2025-11-03T18:06:38.6944469Z,"2025-11-03 18:06:38,694 - INFO - src.routes.routes - Model: gpt-5-mini | Use Database: False | Relevant Documents: 10 | Mode: public | Search Mode: "
2025-11-04T06:44:04.1673809Z,"2025-11-04 06:44:04,156 - INFO - src.routes.routes - Model: gpt-4.1 | Use Database: False | Relevant Documents: 10 | Mode:  | Search Mode: "
2025-11-04T07:16:30.7641045Z,"2025-11-04 07:16:30,763 - INFO - src.routes.routes - Model: sonar | Use Database: False | Relevant Documents: 10 | Mode:  | Search Mode: internet"
2025-11-04T07:33:58.6050842Z,"2025-11-04 07:33:58,604 - INFO - src.routes.routes - Model: sonar | Use Database: False | Relevant Documents: 10 | Mode:  | Search Mode: internet"
2025-11-04T07:42:30.4335409Z,"2025-11-04 07:42:30,433 - INFO - src.routes.routes - Model: sonar | Use Database: False | Relevant Documents: 10 | Mode:  | Search Mode: internet"
2025-11-04T09:51:04.7560919Z,"2025-11-04 09:51:04,755 - INFO - src.routes.routes - Model: sonar | Use Database: False | Relevant Documents: 10 | Mode:  | Search Mode: internet"
2025-11-04T10:06:31.0168272Z,"2025-11-04 10:06:31,016 - INFO - src.routes.routes - Model: sonar | Use Database: False | Relevant Documents: 10 | Mode:  | Search Mode: internet"
2025-11-04T10:05:13.3031433Z,"2025-11-04 10:05:13,302 - INFO - src.routes.routes - Model: gpt-5-mini | Use Database: False | Relevant Documents: 10 | Mode:  | Search Mode: "
2025-11-04T10:31:26.8120209Z,"2025-11-04 10:31:26,810 - INFO - src.routes.routes - Model: sonar | Use Database: False | Relevant Documents: 10 | Mode:  | Search Mode: internet"
2025-11-04T10:38:36.729363Z,"2025-11-04 10:38:36,728 - INFO - src.routes.routes - Model: gpt-5-mini | Use Database: False | Relevant Documents: 10 | Mode:  | Search Mode: "
2025-11-04T10:40:23.5519994Z,"2025-11-04 10:40:23,550 - INFO - src.routes.routes - Model: sonar | Use Database: False | Relevant Documents: 10 | Mode:  | Search Mode: internet"
2025-11-04T10:42:12.7769898Z,"2025-11-04 10:42:12,773 - INFO - src.routes.routes - Model: sonar | Use Database: False | Relevant Documents: 10 | Mode:  | Search Mode: internet"
2025-11-04T11:08:48.8360427Z,"2025-11-04 11:08:48,835 - INFO - src.routes.routes - Model: gpt-5-mini | Use Database: False | Relevant Documents: 10 | Mode:  | Search Mode: "
2025-11-04T11:12:51.2901101Z,"2025-11-04 11:12:51,289 - INFO - src.routes.routes - Model: gpt-5-mini | Use Database: False | Relevant Documents: 10 | Mode:  | Search Mode: "
2025-11-04T11:10:33.0402659Z,"2025-11-04 11:10:33,039 - INFO - src.routes.routes - Model: gpt-5-mini | Use Database: False | Relevant Documents: 10 | Mode:  | Search Mode: "
2025-11-04T11:27:49.098752Z,"2025-11-04 11:27:49,098 - INFO - src.routes.routes - Model: sonar | Use Database: False | Relevant Documents: 10 | Mode:  | Search Mode: internet"
2025-11-04T11:48:24.1179317Z,"2025-11-04 11:48:24,117 - INFO - src.routes.routes - Model: gpt-5-mini | Use Database: False | Relevant Documents: 10 | Mode:  | Search Mode: "
2025-11-04T11:47:01.43652Z,"2025-11-04 11:47:01,436 - INFO - src.routes.routes - Model: gpt-5-mini | Use Database: False | Relevant Documents: 10 | Mode:  | Search Mode: "
2025-11-04T11:47:03.1512938Z,"2025-11-04 11:47:03,150 - INFO - src.routes.routes - Model: gpt-5-mini | Use Database: False | Relevant Documents: 10 | Mode:  | Search Mode: "
2025-11-04T11:49:47.3399765Z,"2025-11-04 11:49:47,339 - INFO - src.routes.routes - Model: gpt-5-mini | Use Database: False | Relevant Documents: 10 | Mode:  | Search Mode: "
2025-11-04T11:52:55.1997025Z,"2025-11-04 11:52:55,199 - INFO - src.routes.routes - Model: gpt-4.1 | Use Database: False | Relevant Documents: 10 | Mode:  | Search Mode: "
2025-11-04T12:04:50.3633347Z,"2025-11-04 12:04:50,363 - INFO - src.routes.routes - Model: sonar | Use Database: False | Relevant Documents: 10 | Mode:  | Search Mode: internet"
2025-11-04T12:35:54.9855998Z,"2025-11-04 12:35:54,985 - INFO - src.routes.routes - Model: gpt-4.1 | Use Database: False | Relevant Documents: 10 | Mode:  | Search Mode: "
2025-11-04T13:16:45.8187557Z,"2025-11-04 13:16:45,818 - INFO - src.routes.routes - Model: gpt-4.1 | Use Database: False | Relevant Documents: 10 | Mode:  | Search Mode: "
2025-11-04T13:17:18.2289154Z,"2025-11-04 13:17:18,228 - INFO - src.routes.routes - Model: gpt-4.1 | Use Database: False | Relevant Documents: 10 | Mode:  | Search Mode: "
2025-11-04T13:11:08.7959745Z,"2025-11-04 13:11:08,790 - INFO - src.routes.routes - Model: gpt-4.1 | Use Database: False | Relevant Documents: 10 | Mode:  | Search Mode: "
2025-11-04T13:27:23.9836542Z,"2025-11-04 13:27:23,983 - INFO - src.routes.routes - Model: gpt-4.1 | Use Database: False | Relevant Documents: 10 | Mode:  | Search Mode: "
2025-11-04T13:42:35.3978507Z,"2025-11-04 13:42:35,397 - INFO - src.routes.routes - Model: sonar | Use Database: False | Relevant Documents: 10 | Mode:  | Search Mode: internet"
2025-11-04T14:28:17.6024174Z,"2025-11-04 14:28:17,602 - INFO - src.routes.routes - Model: sonar | Use Database: False | Relevant Documents: 10 | Mode:  | Search Mode: internet"
2025-11-04T14:52:32.1152517Z,"2025-11-04 14:52:32,114 - INFO - src.routes.routes - Model: gpt-5-mini | Use Database: False | Relevant Documents: 10 | Mode:  | Search Mode: "
2025-11-04T16:07:21.7040119Z,"2025-11-04 16:07:21,700 - INFO - src.routes.routes - Model: gpt-5-mini | Use Database: False | Relevant Documents: 10 | Mode:  | Search Mode: "
2025-11-04T17:09:48.380541Z,"2025-11-04 17:09:48,379 - INFO - src.routes.routes - Model: gpt-5-mini | Use Database: False | Relevant Documents: 10 | Mode:  | Search Mode: "
2025-11-04T17:11:16.2448558Z,"2025-11-04 17:11:16,244 - INFO - src.routes.routes - Model: gpt-5-mini | Use Database: False | Relevant Documents: 10 | Mode:  | Search Mode: "
2025-11-05T06:42:49.9840577Z,"2025-11-05 06:42:49,963 - INFO - src.routes.routes - Model: gpt-5-mini | Use Database: False | Relevant Documents: 10 | Mode:  | Search Mode: "
2025-11-05T06:56:00.3481697Z,"2025-11-05 06:56:00,347 - INFO - src.routes.routes - Model: gpt-4.1 | Use Database: False | Relevant Documents: 10 | Mode:  | Search Mode: "
2025-11-05T07:03:51.6397264Z,"2025-11-05 07:03:51,639 - INFO - src.routes.routes - Model: sonar | Use Database: False | Relevant Documents: 10 | Mode:  | Search Mode: internet"
2025-11-05T08:00:58.9687612Z,"2025-11-05 08:00:58,968 - INFO - src.routes.routes - Model: gpt-5-mini | Use Database: False | Relevant Documents: 10 | Mode:  | Search Mode: "
2025-11-05T08:17:28.6969896Z,"2025-11-05 08:17:28,696 - INFO - src.routes.routes - Model: gpt-5-mini | Use Database: True | Relevant Documents: 10 | Mode: public | Search Mode: database"
2025-11-05T08:27:17.397282Z,"2025-11-05 08:27:17,397 - INFO - src.routes.routes - Model: gpt-5-mini | Use Database: False | Relevant Documents: 10 | Mode:  | Search Mode: "
2025-11-05T08:21:52.0753262Z,"2025-11-05 08:21:52,075 - INFO - src.routes.routes - Model: gpt-5-mini | Use Database: False | Relevant Documents: 10 | Mode:  | Search Mode: "
2025-11-05T08:46:18.9134095Z,"2025-11-05 08:46:18,912 - INFO - src.routes.routes - Model: gpt-5-mini | Use Database: False | Relevant Documents: 10 | Mode:  | Search Mode: "
2025-11-05T09:04:33.0991516Z,"2025-11-05 09:04:33,098 - INFO - src.routes.routes - Model: sonar | Use Database: False | Relevant Documents: 10 | Mode:  | Search Mode: internet"
2025-11-05T09:12:05.3690348Z,"2025-11-05 09:12:05,367 - INFO - src.routes.routes - Model: sonar | Use Database: False | Relevant Documents: 10 | Mode:  | Search Mode: internet"
2025-11-05T10:08:10.3154201Z,"2025-11-05 10:08:10,315 - INFO - src.routes.routes - Model: sonar | Use Database: False | Relevant Documents: 10 | Mode:  | Search Mode: internet"
2025-11-05T10:11:01.8871439Z,"2025-11-05 10:11:01,886 - INFO - src.routes.routes - Model: sonar | Use Database: False | Relevant Documents: 10 | Mode:  | Search Mode: internet"
2025-11-05T10:11:45.836705Z,"2025-11-05 10:11:45,836 - INFO - src.routes.routes - Model: sonar | Use Database: False | Relevant Documents: 10 | Mode:  | Search Mode: internet"
2025-11-05T10:18:07.9215361Z,"2025-11-05 10:18:07,921 - INFO - src.routes.routes - Model: sonar | Use Database: False | Relevant Documents: 10 | Mode:  | Search Mode: internet"
2025-11-05T10:33:41.8871325Z,"2025-11-05 10:33:41,886 - INFO - src.routes.routes - Model: sonar | Use Database: False | Relevant Documents: 10 | Mode:  | Search Mode: internet"
2025-11-05T10:35:07.6205489Z,"2025-11-05 10:35:07,620 - INFO - src.routes.routes - Model: sonar | Use Database: False | Relevant Documents: 10 | Mode:  | Search Mode: internet"
2025-11-05T10:40:50.9410662Z,"2025-11-05 10:40:50,939 - INFO - src.routes.routes - Model: sonar-reasoning | Use Database: False | Relevant Documents: 10 | Mode:  | Search Mode: internet"
2025-11-05T10:43:48.9862769Z,"2025-11-05 10:43:48,985 - INFO - src.routes.routes - Model: sonar-reasoning | Use Database: False | Relevant Documents: 10 | Mode:  | Search Mode: internet"
2025-11-05T10:49:26.225449Z,"2025-11-05 10:49:26,225 - INFO - src.routes.routes - Model: gpt-5-mini | Use Database: False | Relevant Documents: 10 | Mode:  | Search Mode: "
2025-11-05T10:56:01.3174145Z,"2025-11-05 10:56:01,316 - INFO - src.routes.routes - Model: sonar | Use Database: False | Relevant Documents: 10 | Mode:  | Search Mode: internet"
2025-11-05T10:57:45.6720828Z,"2025-11-05 10:57:45,671 - INFO - src.routes.routes - Model: sonar | Use Database: False | Relevant Documents: 10 | Mode:  | Search Mode: internet"
2025-11-05T10:59:30.6173907Z,"2025-11-05 10:59:30,616 - INFO - src.routes.routes - Model: sonar | Use Database: False | Relevant Documents: 10 | Mode:  | Search Mode: internet"
2025-11-05T11:07:18.6694331Z,"2025-11-05 11:07:18,668 - INFO - src.routes.routes - Model: gpt-5-mini | Use Database: False | Relevant Documents: 10 | Mode:  | Search Mode: "
2025-11-05T11:09:48.5956977Z,"2025-11-05 11:09:48,594 - INFO - src.routes.routes - Model: sonar | Use Database: False | Relevant Documents: 10 | Mode:  | Search Mode: internet"
2025-11-05T11:10:54.7512793Z,"2025-11-05 11:10:54,751 - INFO - src.routes.routes - Model: sonar | Use Database: False | Relevant Documents: 10 | Mode:  | Search Mode: internet"
2025-11-05T11:12:45.6836161Z,"2025-11-05 11:12:45,683 - INFO - src.routes.routes - Model: sonar | Use Database: False | Relevant Documents: 10 | Mode:  | Search Mode: internet"
2025-11-05T11:13:24.3268114Z,"2025-11-05 11:13:24,326 - INFO - src.routes.routes - Model: sonar | Use Database: False | Relevant Documents: 10 | Mode:  | Search Mode: internet"
2025-11-05T11:13:35.2216425Z,"2025-11-05 11:13:35,221 - INFO - src.routes.routes - Model: sonar | Use Database: False | Relevant Documents: 10 | Mode:  | Search Mode: internet"
2025-11-05T11:15:23.311665Z,"2025-11-05 11:15:23,311 - INFO - src.routes.routes - Model: sonar | Use Database: False | Relevant Documents: 10 | Mode:  | Search Mode: internet"
2025-11-05T12:14:24.1037899Z,"2025-11-05 12:14:24,103 - INFO - src.routes.routes - Model: sonar | Use Database: False | Relevant Documents: 10 | Mode:  | Search Mode: internet"
2025-11-05T12:18:58.5721223Z,"2025-11-05 12:18:58,571 - INFO - src.routes.routes - Model: sonar | Use Database: False | Relevant Documents: 10 | Mode:  | Search Mode: internet"
2025-11-05T12:53:44.3174685Z,"2025-11-05 12:53:44,317 - INFO - src.routes.routes - Model: sonar | Use Database: False | Relevant Documents: 10 | Mode:  | Search Mode: internet"
2025-11-05T12:57:23.1386167Z,"2025-11-05 12:57:23,138 - INFO - src.routes.routes - Model: sonar | Use Database: False | Relevant Documents: 10 | Mode:  | Search Mode: internet"
2025-11-05T13:03:57.1432076Z,"2025-11-05 13:03:57,134 - INFO - src.routes.routes - Model: sonar | Use Database: False | Relevant Documents: 10 | Mode:  | Search Mode: internet"
2025-11-05T13:00:06.3032197Z,"2025-11-05 13:00:06,302 - INFO - src.routes.routes - Model: sonar | Use Database: False | Relevant Documents: 10 | Mode:  | Search Mode: internet"
2025-11-05T13:11:33.6094624Z,"2025-11-05 13:11:33,609 - INFO - src.routes.routes - Model: gpt-4.1 | Use Database: False | Relevant Documents: 10 | Mode:  | Search Mode: "
2025-11-05T13:24:49.6182892Z,"2025-11-05 13:24:49,617 - INFO - src.routes.routes - Model: gpt-5-mini | Use Database: False | Relevant Documents: 10 | Mode:  | Search Mode: "
2025-11-05T13:17:49.8447939Z,"2025-11-05 13:17:49,844 - INFO - src.routes.routes - Model: sonar | Use Database: False | Relevant Documents: 10 | Mode:  | Search Mode: internet"
2025-11-05T13:26:25.5502003Z,"2025-11-05 13:26:25,549 - INFO - src.routes.routes - Model: gpt-5-mini | Use Database: False | Relevant Documents: 10 | Mode:  | Search Mode: "
2025-11-05T15:03:37.0479456Z,"2025-11-05 15:03:37,047 - INFO - src.routes.routes - Model: gpt-5-mini | Use Database: False | Relevant Documents: 10 | Mode: public | Search Mode: "
2025-11-05T15:58:29.1261221Z,"2025-11-05 15:58:29,125 - INFO - src.routes.routes - Model: gpt-5-mini | Use Database: False | Relevant Documents: 10 | Mode:  | Search Mode: "
2025-11-05T16:13:40.3703326Z,"2025-11-05 16:13:40,369 - INFO - src.routes.routes - Model: gpt-5-mini | Use Database: False | Relevant Documents: 10 | Mode:  | Search Mode: "
2025-11-05T16:11:28.8097113Z,"2025-11-05 16:11:28,809 - INFO - src.routes.routes - Model: sonar | Use Database: False | Relevant Documents: 10 | Mode:  | Search Mode: internet"
2025-11-06T07:25:33.2870219Z,"2025-11-06 07:25:33,286 - INFO - src.routes.routes - Model: gpt-5-mini | Use Database: False | Relevant Documents: 10 | Mode:  | Search Mode: "
2025-11-06T07:26:18.3764415Z,"2025-11-06 07:26:18,376 - INFO - src.routes.routes - Model: gpt-5-mini | Use Database: False | Relevant Documents: 10 | Mode:  | Search Mode: "
2025-11-06T08:22:52.8243663Z,"2025-11-06 08:22:52,818 - INFO - src.routes.routes - Model: gpt-5-mini | Use Database: False | Relevant Documents: 10 | Mode:  | Search Mode: "
2025-11-06T09:28:24.3737888Z,"2025-11-06 09:28:24,373 - INFO - src.routes.routes - Model: gpt-5-mini | Use Database: False | Relevant Documents: 10 | Mode:  | Search Mode: "
2025-11-06T10:36:09.9612256Z,"2025-11-06 10:36:09,960 - INFO - src.routes.routes - Model: gpt-5-mini | Use Database: False | Relevant Documents: 10 | Mode:  | Search Mode: "
2025-11-06T10:49:31.8809138Z,"2025-11-06 10:49:31,880 - INFO - src.routes.routes - Model: gpt-5-mini | Use Database: False | Relevant Documents: 10 | Mode:  | Search Mode: "
2025-11-06T10:51:54.118503Z,"2025-11-06 10:51:54,118 - INFO - src.routes.routes - Model: gpt-5-mini | Use Database: False | Relevant Documents: 10 | Mode:  | Search Mode: "
2025-11-06T10:54:10.7156241Z,"2025-11-06 10:54:10,714 - INFO - src.routes.routes - Model: gpt-5-mini | Use Database: False | Relevant Documents: 10 | Mode:  | Search Mode: "
2025-11-06T11:56:35.9439845Z,"2025-11-06 11:56:35,943 - INFO - src.routes.routes - Model: sonar-deep-research | Use Database: False | Relevant Documents: 10 | Mode:  | Search Mode: internet"
2025-11-06T12:32:35.9531323Z,"2025-11-06 12:32:35,945 - INFO - src.routes.routes - Model: sonar-deep-research | Use Database: False | Relevant Documents: 10 | Mode:  | Search Mode: internet"
2025-11-06T12:34:57.796894Z,"2025-11-06 12:34:57,796 - INFO - src.routes.routes - Model: sonar-deep-research | Use Database: False | Relevant Documents: 10 | Mode:  | Search Mode: internet"
2025-11-06T12:36:06.8810338Z,"2025-11-06 12:36:06,880 - INFO - src.routes.routes - Model: gpt-5-mini | Use Database: False | Relevant Documents: 10 | Mode:  | Search Mode: "
2025-11-06T12:47:39.9842896Z,"2025-11-06 12:47:39,984 - INFO - src.routes.routes - Model: sonar | Use Database: False | Relevant Documents: 10 | Mode:  | Search Mode: internet"
2025-11-06T12:48:14.5147182Z,"2025-11-06 12:48:14,514 - INFO - src.routes.routes - Model: sonar | Use Database: False | Relevant Documents: 10 | Mode:  | Search Mode: internet"
2025-11-06T13:06:29.7109517Z,"2025-11-06 13:06:29,710 - INFO - src.routes.routes - Model: gpt-5-mini | Use Database: False | Relevant Documents: 10 | Mode:  | Search Mode: "
2025-11-06T13:05:09.7755312Z,"2025-11-06 13:05:09,765 - INFO - src.routes.routes - Model: gpt-5-mini | Use Database: False | Relevant Documents: 10 | Mode:  | Search Mode: "
2025-11-06T13:37:26.8625878Z,"2025-11-06 13:37:26,861 - INFO - src.routes.routes - Model: gpt-5-mini | Use Database: False | Relevant Documents: 10 | Mode:  | Search Mode: "
2025-11-06T13:38:56.4219129Z,"2025-11-06 13:38:56,421 - INFO - src.routes.routes - Model: gpt-5-mini | Use Database: False | Relevant Documents: 10 | Mode:  | Search Mode: "
2025-11-06T13:42:42.6462515Z,"2025-11-06 13:42:42,645 - INFO - src.routes.routes - Model: sonar | Use Database: False | Relevant Documents: 10 | Mode:  | Search Mode: internet"
2025-11-06T13:46:30.4517489Z,"2025-11-06 13:46:30,451 - INFO - src.routes.routes - Model: sonar | Use Database: False | Relevant Documents: 10 | Mode:  | Search Mode: internet"
2025-11-06T14:55:02.3943439Z,"2025-11-06 14:55:02,394 - INFO - src.routes.routes - Model: sonar | Use Database: False | Relevant Documents: 10 | Mode:  | Search Mode: internet"
2025-11-06T14:58:40.9622918Z,"2025-11-06 14:58:40,961 - INFO - src.routes.routes - Model: sonar | Use Database: False | Relevant Documents: 10 | Mode:  | Search Mode: internet"
2025-11-06T14:57:17.06179Z,"2025-11-06 14:57:17,061 - INFO - src.routes.routes - Model: sonar | Use Database: False | Relevant Documents: 10 | Mode:  | Search Mode: internet"
2025-11-06T15:30:53.3842016Z,"2025-11-06 15:30:53,383 - INFO - src.routes.routes - Model: sonar | Use Database: False | Relevant Documents: 10 | Mode:  | Search Mode: internet"
2025-11-06T15:32:01.0393352Z,"2025-11-06 15:32:01,039 - INFO - src.routes.routes - Model: sonar | Use Database: False | Relevant Documents: 10 | Mode:  | Search Mode: internet"
2025-11-06T16:14:34.4064282Z,"2025-11-06 16:14:34,406 - INFO - src.routes.routes - Model: sonar | Use Database: False | Relevant Documents: 10 | Mode:  | Search Mode: internet"
2025-11-06T16:15:59.2562254Z,"2025-11-06 16:15:59,256 - INFO - src.routes.routes - Model: sonar-deep-research | Use Database: False | Relevant Documents: 10 | Mode:  | Search Mode: internet"
2025-11-06T16:39:02.5363815Z,"2025-11-06 16:39:02,536 - INFO - src.routes.routes - Model: gpt-5-mini | Use Database: False | Relevant Documents: 10 | Mode:  | Search Mode: "
2025-11-06T20:05:08.3542626Z,"2025-11-06 20:05:08,354 - INFO - src.routes.routes - Model: sonar | Use Database: False | Relevant Documents: 10 | Mode:  | Search Mode: internet"
2025-11-06T20:06:38.8712675Z,"2025-11-06 20:06:38,870 - INFO - src.routes.routes - Model: sonar | Use Database: False | Relevant Documents: 10 | Mode:  | Search Mode: internet"
2025-11-06T20:09:07.3901868Z,"2025-11-06 20:09:07,389 - INFO - src.routes.routes - Model: sonar | Use Database: False | Relevant Documents: 10 | Mode:  | Search Mode: internet"
2025-11-06T20:13:19.2497253Z,"2025-11-06 20:13:19,249 - INFO - src.routes.routes - Model: sonar | Use Database: False | Relevant Documents: 10 | Mode:  | Search Mode: internet"
2025-11-07T06:24:12.0336775Z,"2025-11-07 06:24:12,033 - INFO - src.routes.routes - Model: gpt-4.1 | Use Database: False | Relevant Documents: 10 | Mode:  | Search Mode: "
2025-11-07T07:33:38.2789971Z,"2025-11-07 07:33:38,278 - INFO - src.routes.routes - Model: sonar | Use Database: False | Relevant Documents: 10 | Mode:  | Search Mode: internet"
2025-11-07T08:14:46.7808824Z,"2025-11-07 08:14:46,780 - INFO - src.routes.routes - Model: sonar | Use Database: False | Relevant Documents: 10 | Mode:  | Search Mode: internet"
2025-11-07T08:28:37.886917Z,"2025-11-07 08:28:37,886 - INFO - src.routes.routes - Model: sonar | Use Database: False | Relevant Documents: 10 | Mode:  | Search Mode: internet"
2025-11-07T08:30:05.3059526Z,"2025-11-07 08:30:05,287 - INFO - src.routes.routes - Model: sonar | Use Database: False | Relevant Documents: 10 | Mode:  | Search Mode: internet"
2025-11-07T09:25:22.0215763Z,"2025-11-07 09:25:22,021 - INFO - src.routes.routes - Model: gpt-5-mini | Use Database: True | Relevant Documents: 10 | Mode: workspaces | Search Mode: workspace"
2025-11-07T11:09:45.2739168Z,"2025-11-07 11:09:45,272 - INFO - src.routes.routes - Model: gpt-5-mini | Use Database: False | Relevant Documents: 10 | Mode:  | Search Mode: "
2025-11-07T14:08:52.9228218Z,"2025-11-07 14:08:52,920 - INFO - src.routes.routes - Model: sonar | Use Database: False | Relevant Documents: 10 | Mode:  | Search Mode: internet"
2025-11-07T14:24:25.559425Z,"2025-11-07 14:24:25,559 - INFO - src.routes.routes - Model: sonar | Use Database: False | Relevant Documents: 10 | Mode:  | Search Mode: internet"
2025-11-07T14:25:47.8062186Z,"2025-11-07 14:25:47,805 - INFO - src.routes.routes - Model: sonar | Use Database: False | Relevant Documents: 10 | Mode:  | Search Mode: internet"
2025-11-07T14:22:44.2463745Z,"2025-11-07 14:22:44,246 - INFO - src.routes.routes - Model: sonar | Use Database: False | Relevant Documents: 10 | Mode:  | Search Mode: internet"
2025-11-07T14:28:05.3827919Z,"2025-11-07 14:28:05,382 - INFO - src.routes.routes - Model: sonar | Use Database: False | Relevant Documents: 10 | Mode:  | Search Mode: internet"
2025-11-07T15:48:14.5860655Z,"2025-11-07 15:48:14,585 - INFO - src.routes.routes - Model: gpt-4.1 | Use Database: False | Relevant Documents: 10 | Mode:  | Search Mode: "
2025-11-07T17:04:07.2325186Z,"2025-11-07 17:04:07,229 - INFO - src.routes.routes - Model: gpt-5-mini | Use Database: True | Relevant Documents: 10 | Mode: public | Search Mode: database"
2025-11-08T11:23:18.4178362Z,"2025-11-08 11:23:18,401 - INFO - src.routes.routes - Model: sonar | Use Database: False | Relevant Documents: 10 | Mode:  | Search Mode: internet"
2025-11-08T14:35:45.7952676Z,"2025-11-08 14:35:45,794 - INFO - src.routes.routes - Model: gpt-5-mini | Use Database: False | Relevant Documents: 10 | Mode:  | Search Mode: "
2025-11-08T14:36:36.8838776Z,"2025-11-08 14:36:36,883 - INFO - src.routes.routes - Model: gpt-5-mini | Use Database: False | Relevant Documents: 10 | Mode:  | Search Mode: "
2025-11-08T15:34:47.4985697Z,"2025-11-08 15:34:47,498 - INFO - src.routes.routes - Model: gpt-5-mini | Use Database: False | Relevant Documents: 10 | Mode:  | Search Mode: "
2025-11-08T16:43:58.4524643Z,"2025-11-08 16:43:58,452 - INFO - src.routes.routes - Model: gpt-5-mini | Use Database: False | Relevant Documents: 10 | Mode:  | Search Mode: "
2025-11-10T06:18:40.2605045Z,"2025-11-10 06:18:40,260 - INFO - src.routes.routes - Model: gpt-4.1 | Use Database: False | Relevant Documents: 10 | Mode:  | Search Mode: "
2025-11-10T06:22:31.0334842Z,"2025-11-10 06:22:31,029 - INFO - src.routes.routes - Model: gpt-4.1 | Use Database: False | Relevant Documents: 10 | Mode:  | Search Mode: "
2025-11-10T06:23:12.3875636Z,"2025-11-10 06:23:12,387 - INFO - src.routes.routes - Model: gpt-4.1 | Use Database: False | Relevant Documents: 10 | Mode:  | Search Mode: "
2025-11-10T07:34:29.8927113Z,"2025-11-10 07:34:29,892 - INFO - src.routes.routes - Model: gpt-5-mini | Use Database: False | Relevant Documents: 10 | Mode:  | Search Mode: "
2025-11-10T07:35:53.4326709Z,"2025-11-10 07:35:53,432 - INFO - src.routes.routes - Model: gpt-5-mini | Use Database: False | Relevant Documents: 10 | Mode:  | Search Mode: "
2025-11-10T07:53:57.0572637Z,"2025-11-10 07:53:57,057 - INFO - src.routes.routes - Model: gpt-5-mini | Use Database: False | Relevant Documents: 10 | Mode:  | Search Mode: "
2025-11-10T07:54:20.9906541Z,"2025-11-10 07:54:20,990 - INFO - src.routes.routes - Model: gpt-5-mini | Use Database: False | Relevant Documents: 10 | Mode:  | Search Mode: "
2025-11-10T07:54:57.1118368Z,"2025-11-10 07:54:57,111 - INFO - src.routes.routes - Model: gpt-5-mini | Use Database: False | Relevant Documents: 10 | Mode:  | Search Mode: "
2025-11-10T08:24:17.1083895Z,"2025-11-10 08:24:17,108 - INFO - src.routes.routes - Model: sonar | Use Database: False | Relevant Documents: 10 | Mode:  | Search Mode: internet"
2025-11-10T08:25:45.6012248Z,"2025-11-10 08:25:45,600 - INFO - src.routes.routes - Model: sonar | Use Database: False | Relevant Documents: 10 | Mode:  | Search Mode: internet"
2025-11-10T08:30:57.3763131Z,"2025-11-10 08:30:57,376 - INFO - src.routes.routes - Model: sonar | Use Database: False | Relevant Documents: 10 | Mode:  | Search Mode: internet"
2025-11-10T09:13:06.2603357Z,"2025-11-10 09:13:06,260 - INFO - src.routes.routes - Model: sonar | Use Database: False | Relevant Documents: 10 | Mode:  | Search Mode: internet"
2025-11-10T09:46:07.9571757Z,"2025-11-10 09:46:07,956 - INFO - src.routes.routes - Model: sonar | Use Database: False | Relevant Documents: 10 | Mode:  | Search Mode: internet"
2025-11-10T09:51:56.9984252Z,"2025-11-10 09:51:56,998 - INFO - src.routes.routes - Model: sonar | Use Database: False | Relevant Documents: 10 | Mode:  | Search Mode: internet"
2025-11-10T09:54:29.5961523Z,"2025-11-10 09:54:29,595 - INFO - src.routes.routes - Model: sonar | Use Database: False | Relevant Documents: 10 | Mode:  | Search Mode: internet"
2025-11-10T10:14:50.0833654Z,"2025-11-10 10:14:50,083 - INFO - src.routes.routes - Model: sonar | Use Database: False | Relevant Documents: 10 | Mode:  | Search Mode: internet"
2025-11-10T10:16:08.1359363Z,"2025-11-10 10:16:08,134 - INFO - src.routes.routes - Model: sonar | Use Database: False | Relevant Documents: 10 | Mode:  | Search Mode: internet"
2025-11-10T10:17:42.5982216Z,"2025-11-10 10:17:42,597 - INFO - src.routes.routes - Model: sonar | Use Database: False | Relevant Documents: 10 | Mode:  | Search Mode: internet"
2025-11-10T10:17:55.5224659Z,"2025-11-10 10:17:55,522 - INFO - src.routes.routes - Model: gpt-5-mini | Use Database: False | Relevant Documents: 10 | Mode:  | Search Mode: "
2025-11-10T10:19:16.0556363Z,"2025-11-10 10:19:16,055 - INFO - src.routes.routes - Model: sonar | Use Database: False | Relevant Documents: 10 | Mode:  | Search Mode: internet"
2025-11-10T10:21:19.6480657Z,"2025-11-10 10:21:19,647 - INFO - src.routes.routes - Model: sonar | Use Database: False | Relevant Documents: 10 | Mode:  | Search Mode: internet"
2025-11-10T10:33:08.3138411Z,"2025-11-10 10:33:08,313 - INFO - src.routes.routes - Model: sonar | Use Database: False | Relevant Documents: 10 | Mode:  | Search Mode: internet"
2025-11-10T10:36:06.5716693Z,"2025-11-10 10:36:06,571 - INFO - src.routes.routes - Model: gpt-5-mini | Use Database: True | Relevant Documents: 10 | Mode: default | Search Mode: database"
2025-11-10T10:37:07.9547784Z,"2025-11-10 10:37:07,954 - INFO - src.routes.routes - Model: gpt-5-mini | Use Database: True | Relevant Documents: 10 | Mode: default | Search Mode: database"
2025-11-10T10:37:35.9028335Z,"2025-11-10 10:37:35,902 - INFO - src.routes.routes - Model: sonar | Use Database: False | Relevant Documents: 10 | Mode:  | Search Mode: internet"
2025-11-10T10:40:57.8880151Z,"2025-11-10 10:40:57,887 - INFO - src.routes.routes - Model: gpt-5-mini | Use Database: True | Relevant Documents: 10 | Mode: workspaces | Search Mode: workspace"
2025-11-10T10:41:22.0845189Z,"2025-11-10 10:41:22,084 - INFO - src.routes.routes - Model: gpt-5-mini | Use Database: True | Relevant Documents: 10 | Mode: public | Search Mode: database"
2025-11-10T10:42:11.1099371Z,"2025-11-10 10:42:11,109 - INFO - src.routes.routes - Model: gpt-5-mini | Use Database: True | Relevant Documents: 10 | Mode: workspaces | Search Mode: workspace"
2025-11-10T10:43:14.7975407Z,"2025-11-10 10:43:14,796 - INFO - src.routes.routes - Model: gpt-5-mini | Use Database: False | Relevant Documents: 10 | Mode:  | Search Mode: "
2025-11-10T10:46:17.6114713Z,"2025-11-10 10:46:17,610 - INFO - src.routes.routes - Model: gpt-5-mini | Use Database: False | Relevant Documents: 10 | Mode:  | Search Mode: "
2025-11-10T10:46:46.9219509Z,"2025-11-10 10:46:46,921 - INFO - src.routes.routes - Model: gpt-5-mini | Use Database: True | Relevant Documents: 10 | Mode: default | Search Mode: database"
2025-11-10T11:08:55.5421807Z,"2025-11-10 11:08:55,541 - INFO - src.routes.routes - Model: gpt-5-mini | Use Database: False | Relevant Documents: 10 | Mode:  | Search Mode: "
2025-11-10T12:29:07.0147435Z,"2025-11-10 12:29:07,014 - INFO - src.routes.routes - Model: gpt-5-mini | Use Database: True | Relevant Documents: 10 | Mode: public | Search Mode: database"
2025-11-10T12:39:18.3265292Z,"2025-11-10 12:39:18,326 - INFO - src.routes.routes - Model: gpt-5-mini | Use Database: True | Relevant Documents: 10 | Mode: public | Search Mode: database"
2025-11-10T13:01:10.5766317Z,"2025-11-10 13:01:10,576 - INFO - src.routes.routes - Model: sonar | Use Database: False | Relevant Documents: 10 | Mode:  | Search Mode: internet"
2025-11-10T13:04:23.0009858Z,"2025-11-10 13:04:23,000 - INFO - src.routes.routes - Model: sonar | Use Database: False | Relevant Documents: 10 | Mode:  | Search Mode: internet"
2025-11-10T13:08:01.8162123Z,"2025-11-10 13:08:01,809 - INFO - src.routes.routes - Model: sonar | Use Database: False | Relevant Documents: 10 | Mode:  | Search Mode: internet"
2025-11-10T13:08:38.7895261Z,"2025-11-10 13:08:38,789 - INFO - src.routes.routes - Model: sonar | Use Database: False | Relevant Documents: 10 | Mode:  | Search Mode: internet"
2025-11-10T13:50:40.7070399Z,"2025-11-10 13:50:40,706 - INFO - src.routes.routes - Model: sonar | Use Database: False | Relevant Documents: 10 | Mode:  | Search Mode: internet"
2025-11-10T13:55:57.0355785Z,"2025-11-10 13:55:57,035 - INFO - src.routes.routes - Model: gpt-4.1 | Use Database: False | Relevant Documents: 10 | Mode:  | Search Mode: "
2025-11-10T14:18:59.7095374Z,"2025-11-10 14:18:59,708 - INFO - src.routes.routes - Model: sonar | Use Database: False | Relevant Documents: 10 | Mode:  | Search Mode: internet"
2025-11-10T14:43:46.0217525Z,"2025-11-10 14:43:46,021 - INFO - src.routes.routes - Model: sonar | Use Database: False | Relevant Documents: 10 | Mode:  | Search Mode: internet"
2025-11-10T14:51:04.3759527Z,"2025-11-10 14:51:04,372 - INFO - src.routes.routes - Model: sonar | Use Database: False | Relevant Documents: 10 | Mode:  | Search Mode: internet"
2025-11-10T14:53:55.4439161Z,"2025-11-10 14:53:55,443 - INFO - src.routes.routes - Model: sonar | Use Database: False | Relevant Documents: 10 | Mode:  | Search Mode: internet"
2025-11-10T15:32:25.5150679Z,"2025-11-10 15:32:25,514 - INFO - src.routes.routes - Model: gpt-5-mini | Use Database: False | Relevant Documents: 10 | Mode:  | Search Mode: "
2025-11-10T15:42:29.0846033Z,"2025-11-10 15:42:29,084 - INFO - src.routes.routes - Model: gpt-5-mini | Use Database: False | Relevant Documents: 10 | Mode:  | Search Mode: "
2025-11-10T15:44:34.3271688Z,"2025-11-10 15:44:34,326 - INFO - src.routes.routes - Model: gpt-5-mini | Use Database: False | Relevant Documents: 10 | Mode:  | Search Mode: "
2025-11-10T15:57:34.1666117Z,"2025-11-10 15:57:34,166 - INFO - src.routes.routes - Model: sonar | Use Database: False | Relevant Documents: 10 | Mode:  | Search Mode: internet"
2025-11-10T15:59:56.795299Z,"2025-11-10 15:59:56,795 - INFO - src.routes.routes - Model: sonar | Use Database: False | Relevant Documents: 10 | Mode:  | Search Mode: internet"
2025-11-10T16:04:18.3452235Z,"2025-11-10 16:04:18,344 - INFO - src.routes.routes - Model: sonar-reasoning | Use Database: False | Relevant Documents: 10 | Mode:  | Search Mode: internet"
2025-11-10T16:06:12.3805273Z,"2025-11-10 16:06:12,380 - INFO - src.routes.routes - Model: gpt-5-mini | Use Database: False | Relevant Documents: 10 | Mode:  | Search Mode: "
2025-11-10T16:41:34.8086336Z,"2025-11-10 16:41:34,808 - INFO - src.routes.routes - Model: sonar | Use Database: False | Relevant Documents: 10 | Mode:  | Search Mode: internet"
2025-11-10T17:42:56.4960279Z,"2025-11-10 17:42:56,495 - INFO - src.routes.routes - Model: sonar | Use Database: False | Relevant Documents: 10 | Mode:  | Search Mode: internet"
2025-11-10T17:43:54.0216903Z,"2025-11-10 17:43:54,021 - INFO - src.routes.routes - Model: gpt-5-mini | Use Database: False | Relevant Documents: 10 | Mode: public | Search Mode: "
2025-11-10T17:49:04.5121598Z,"2025-11-10 17:49:04,511 - INFO - src.routes.routes - Model: gpt-5-mini | Use Database: False | Relevant Documents: 10 | Mode: public | Search Mode: "
2025-11-11T06:53:05.3189796Z,"2025-11-11 06:53:05,309 - INFO - src.routes.routes - Model: gpt-4.1 | Use Database: False | Relevant Documents: 10 | Mode:  | Search Mode: "
2025-11-11T06:56:52.9112661Z,"2025-11-11 06:56:52,911 - INFO - src.routes.routes - Model: gpt-5-mini | Use Database: True | Relevant Documents: 10 | Mode: workspaces | Search Mode: workspace"
2025-11-11T06:58:43.9119801Z,"2025-11-11 06:58:43,911 - INFO - src.routes.routes - Model: gpt-5-mini | Use Database: True | Relevant Documents: 10 | Mode: public | Search Mode: database"
2025-11-11T07:13:45.9266246Z,"2025-11-11 07:13:45,926 - INFO - src.routes.routes - Model: gpt-5-mini | Use Database: False | Relevant Documents: 10 | Mode:  | Search Mode: "
2025-11-11T07:12:57.571344Z,"2025-11-11 07:12:57,571 - INFO - src.routes.routes - Model: sonar | Use Database: False | Relevant Documents: 10 | Mode:  | Search Mode: internet"
2025-11-11T07:19:07.293929Z,"2025-11-11 07:19:07,293 - INFO - src.routes.routes - Model: gpt-5-mini | Use Database: True | Relevant Documents: 10 | Mode: public | Search Mode: database"
2025-11-11T08:32:01.717718Z,"2025-11-11 08:32:01,717 - INFO - src.routes.routes - Model: gpt-5-mini | Use Database: False | Relevant Documents: 10 | Mode:  | Search Mode: "
2025-11-11T08:33:02.4716481Z,"2025-11-11 08:33:02,471 - INFO - src.routes.routes - Model: gpt-5-mini | Use Database: False | Relevant Documents: 10 | Mode:  | Search Mode: "
2025-11-11T10:09:13.1237461Z,"2025-11-11 10:09:13,123 - INFO - src.routes.routes - Model: gpt-5-mini | Use Database: False | Relevant Documents: 10 | Mode:  | Search Mode: "
2025-11-11T10:47:57.8839705Z,"2025-11-11 10:47:57,883 - INFO - src.routes.routes - Model: gpt-5-mini | Use Database: False | Relevant Documents: 10 | Mode:  | Search Mode: "
2025-11-11T11:02:01.8277417Z,"2025-11-11 11:02:01,826 - INFO - src.routes.routes - Model: gpt-5-mini | Use Database: False | Relevant Documents: 10 | Mode:  | Search Mode: "
2025-11-11T11:05:38.1612432Z,"2025-11-11 11:05:38,161 - INFO - src.routes.routes - Model: gpt-5-mini | Use Database: True | Relevant Documents: 10 | Mode: default | Search Mode: database"
2025-11-11T11:07:13.5141746Z,"2025-11-11 11:07:13,511 - INFO - src.routes.routes - Model: gpt-5-mini | Use Database: True | Relevant Documents: 10 | Mode: public | Search Mode: database"
2025-11-11T11:09:15.4530047Z,"2025-11-11 11:09:15,452 - INFO - src.routes.routes - Model: sonar | Use Database: False | Relevant Documents: 10 | Mode:  | Search Mode: internet"
2025-11-11T11:15:18.8176246Z,"2025-11-11 11:15:18,817 - INFO - src.routes.routes - Model: gpt-5-mini | Use Database: False | Relevant Documents: 10 | Mode:  | Search Mode: "
2025-11-11T11:11:35.9175785Z,"2025-11-11 11:11:35,917 - INFO - src.routes.routes - Model: sonar | Use Database: False | Relevant Documents: 10 | Mode:  | Search Mode: internet"
2025-11-11T13:05:53.7081766Z,"2025-11-11 13:05:53,698 - INFO - src.routes.routes - Model: gpt-5-mini | Use Database: False | Relevant Documents: 10 | Mode:  | Search Mode: "
2025-11-11T13:39:28.7995712Z,"2025-11-11 13:39:28,798 - INFO - src.routes.routes - Model: gpt-5-mini | Use Database: False | Relevant Documents: 10 | Mode:  | Search Mode: "
2025-11-11T14:04:31.5696474Z,"2025-11-11 14:04:31,569 - INFO - src.routes.routes - Model: sonar | Use Database: False | Relevant Documents: 10 | Mode:  | Search Mode: internet"
2025-11-11T14:22:43.0313913Z,"2025-11-11 14:22:43,031 - INFO - src.routes.routes - Model: sonar | Use Database: False | Relevant Documents: 10 | Mode:  | Search Mode: internet"
2025-11-11T14:20:31.3364168Z,"2025-11-11 14:20:31,336 - INFO - src.routes.routes - Model: sonar | Use Database: False | Relevant Documents: 10 | Mode:  | Search Mode: internet"
2025-11-11T14:20:42.7474446Z,"2025-11-11 14:20:42,747 - INFO - src.routes.routes - Model: gpt-5-mini | Use Database: False | Relevant Documents: 10 | Mode:  | Search Mode: "
2025-11-11T14:36:38.4642622Z,"2025-11-11 14:36:38,463 - INFO - src.routes.routes - Model: sonar | Use Database: False | Relevant Documents: 10 | Mode:  | Search Mode: internet"
2025-11-11T14:50:41.6399284Z,"2025-11-11 14:50:41,638 - INFO - src.routes.routes - Model: sonar | Use Database: False | Relevant Documents: 10 | Mode:  | Search Mode: internet"
2025-11-11T14:58:15.5513009Z,"2025-11-11 14:58:15,550 - INFO - src.routes.routes - Model: gpt-5-mini | Use Database: False | Relevant Documents: 10 | Mode:  | Search Mode: "
2025-11-11T15:07:10.4145346Z,"2025-11-11 15:07:10,411 - INFO - src.routes.routes - Model: gpt-5-mini | Use Database: False | Relevant Documents: 10 | Mode:  | Search Mode: "
2025-11-11T15:22:19.2223323Z,"2025-11-11 15:22:19,221 - INFO - src.routes.routes - Model: gpt-5-mini | Use Database: False | Relevant Documents: 10 | Mode:  | Search Mode: "
2025-11-11T15:24:35.5826114Z,"2025-11-11 15:24:35,582 - INFO - src.routes.routes - Model: gpt-5-mini | Use Database: False | Relevant Documents: 10 | Mode:  | Search Mode: "
2025-11-11T15:26:37.8292343Z,"2025-11-11 15:26:37,828 - INFO - src.routes.routes - Model: gpt-5-mini | Use Database: False | Relevant Documents: 10 | Mode:  | Search Mode: "
2025-11-11T16:12:44.3767321Z,"2025-11-11 16:12:44,376 - INFO - src.routes.routes - Model: sonar | Use Database: False | Relevant Documents: 10 | Mode:  | Search Mode: internet"
2025-11-11T16:49:05.344064Z,"2025-11-11 16:49:05,343 - INFO - src.routes.routes - Model: gpt-5-mini | Use Database: False | Relevant Documents: 10 | Mode:  | Search Mode: "
2025-11-11T16:50:25.006067Z,"2025-11-11 16:50:25,005 - INFO - src.routes.routes - Model: sonar | Use Database: False | Relevant Documents: 10 | Mode:  | Search Mode: internet"
2025-11-12T06:42:52.3897395Z,"2025-11-12 06:42:52,375 - INFO - src.routes.routes - Model: gpt-5-mini | Use Database: False | Relevant Documents: 10 | Mode:  | Search Mode: "
2025-11-12T06:53:26.0251051Z,"2025-11-12 06:53:26,024 - INFO - src.routes.routes - Model: gpt-5-mini | Use Database: False | Relevant Documents: 10 | Mode:  | Search Mode: "
2025-11-12T06:58:20.0353324Z,"2025-11-12 06:58:20,035 - INFO - src.routes.routes - Model: gpt-5-mini | Use Database: False | Relevant Documents: 10 | Mode:  | Search Mode: "
2025-11-12T06:57:38.3476289Z,"2025-11-12 06:57:38,347 - INFO - src.routes.routes - Model: sonar-reasoning | Use Database: False | Relevant Documents: 10 | Mode:  | Search Mode: internet"
2025-11-12T07:36:54.933563Z,"2025-11-12 07:36:54,933 - INFO - src.routes.routes - Model: sonar | Use Database: False | Relevant Documents: 10 | Mode:  | Search Mode: internet"
2025-11-12T07:52:12.5916635Z,"2025-11-12 07:52:12,591 - INFO - src.routes.routes - Model: gpt-5-mini | Use Database: False | Relevant Documents: 10 | Mode:  | Search Mode: "
2025-11-12T08:32:48.0596087Z,"2025-11-12 08:32:48,058 - INFO - src.routes.routes - Model: sonar-reasoning | Use Database: False | Relevant Documents: 10 | Mode:  | Search Mode: internet"
2025-11-12T08:40:35.822737Z,"2025-11-12 08:40:35,822 - INFO - src.routes.routes - Model: sonar | Use Database: False | Relevant Documents: 10 | Mode:  | Search Mode: internet"
2025-11-12T08:40:40.7689897Z,"2025-11-12 08:40:40,768 - INFO - src.routes.routes - Model: gpt-5-mini | Use Database: False | Relevant Documents: 10 | Mode:  | Search Mode: "
2025-11-12T08:44:54.38972Z,"2025-11-12 08:44:54,389 - INFO - src.routes.routes - Model: gpt-5-mini | Use Database: False | Relevant Documents: 10 | Mode:  | Search Mode: "
2025-11-12T09:24:01.8820914Z,"2025-11-12 09:24:01,881 - INFO - src.routes.routes - Model: sonar-reasoning | Use Database: False | Relevant Documents: 10 | Mode:  | Search Mode: internet"
2025-11-12T09:33:54.9920754Z,"2025-11-12 09:33:54,991 - INFO - src.routes.routes - Model: gpt-5-mini | Use Database: False | Relevant Documents: 10 | Mode:  | Search Mode: "
2025-11-12T11:02:08.7807396Z,"2025-11-12 11:02:08,780 - INFO - src.routes.routes - Model: gpt-5-mini | Use Database: False | Relevant Documents: 10 | Mode:  | Search Mode: "
2025-11-12T12:24:37.7870652Z,"2025-11-12 12:24:37,786 - INFO - src.routes.routes - Model: gpt-5-mini | Use Database: False | Relevant Documents: 10 | Mode:  | Search Mode: "
2025-11-12T12:29:11.455554Z,"2025-11-12 12:29:11,455 - INFO - src.routes.routes - Model: gpt-5-mini | Use Database: False | Relevant Documents: 10 | Mode:  | Search Mode: "
2025-11-12T12:42:35.2981538Z,"2025-11-12 12:42:35,297 - INFO - src.routes.routes - Model: sonar | Use Database: False | Relevant Documents: 10 | Mode:  | Search Mode: internet"
2025-11-12T13:09:35.9245042Z,"2025-11-12 13:09:35,920 - INFO - src.routes.routes - Model: sonar-reasoning | Use Database: False | Relevant Documents: 10 | Mode:  | Search Mode: internet"
2025-11-12T13:44:14.2431067Z,"2025-11-12 13:44:14,242 - INFO - src.routes.routes - Model: gpt-5-mini | Use Database: False | Relevant Documents: 10 | Mode:  | Search Mode: "
2025-11-12T13:51:12.4417028Z,"2025-11-12 13:51:12,441 - INFO - src.routes.routes - Model: gpt-5-mini | Use Database: False | Relevant Documents: 10 | Mode:  | Search Mode: "
2025-11-12T13:52:32.5496877Z,"2025-11-12 13:52:32,549 - INFO - src.routes.routes - Model: sonar | Use Database: False | Relevant Documents: 10 | Mode:  | Search Mode: internet"
2025-11-12T14:17:47.2326924Z,"2025-11-12 14:17:47,231 - INFO - src.routes.routes - Model: gpt-5-mini | Use Database: False | Relevant Documents: 10 | Mode:  | Search Mode: "
2025-11-12T14:37:14.8717475Z,"2025-11-12 14:37:14,864 - INFO - src.routes.routes - Model: sonar-deep-research | Use Database: False | Relevant Documents: 10 | Mode:  | Search Mode: internet"
2025-11-12T14:47:55.559154Z,"2025-11-12 14:47:55,558 - INFO - src.routes.routes - Model: sonar-deep-research | Use Database: False | Relevant Documents: 10 | Mode:  | Search Mode: internet"
2025-11-12T14:39:32.7001857Z,"2025-11-12 14:39:32,699 - INFO - src.routes.routes - Model: sonar | Use Database: False | Relevant Documents: 10 | Mode:  | Search Mode: internet"
2025-11-12T14:41:43.3097037Z,"2025-11-12 14:41:43,309 - INFO - src.routes.routes - Model: sonar | Use Database: False | Relevant Documents: 10 | Mode:  | Search Mode: internet"
2025-11-12T14:54:20.8496495Z,"2025-11-12 14:54:20,848 - INFO - src.routes.routes - Model: gpt-4.1 | Use Database: False | Relevant Documents: 10 | Mode:  | Search Mode: "
2025-11-12T14:57:47.9134561Z,"2025-11-12 14:57:47,913 - INFO - src.routes.routes - Model: gpt-5-mini | Use Database: False | Relevant Documents: 10 | Mode: public | Search Mode: "
2025-11-12T14:58:04.7074363Z,"2025-11-12 14:58:04,707 - INFO - src.routes.routes - Model: sonar | Use Database: False | Relevant Documents: 10 | Mode:  | Search Mode: internet"
2025-11-12T15:35:34.4589773Z,"2025-11-12 15:35:34,458 - INFO - src.routes.routes - Model: gpt-5-mini | Use Database: False | Relevant Documents: 10 | Mode:  | Search Mode: "
2025-11-12T18:14:38.6961226Z,"2025-11-12 18:14:38,692 - INFO - src.routes.routes - Model: gpt-5-mini | Use Database: False | Relevant Documents: 10 | Mode: public | Search Mode: "
2025-11-12T18:17:22.8592416Z,"2025-11-12 18:17:22,858 - INFO - src.routes.routes - Model: gpt-5-mini | Use Database: False | Relevant Documents: 10 | Mode: public | Search Mode: "
2025-11-12T18:30:46.3334205Z,"2025-11-12 18:30:46,317 - INFO - src.routes.routes - Model: gpt-5-mini | Use Database: False | Relevant Documents: 10 | Mode: public | Search Mode: "
2025-11-12T18:35:04.1293829Z,"2025-11-12 18:35:04,129 - INFO - src.routes.routes - Model: sonar | Use Database: False | Relevant Documents: 10 | Mode:  | Search Mode: internet"
2025-11-12T18:37:29.5879642Z,"2025-11-12 18:37:29,587 - INFO - src.routes.routes - Model: gpt-5-mini | Use Database: False | Relevant Documents: 10 | Mode: public | Search Mode: "
2025-11-12T18:38:45.3648836Z,"2025-11-12 18:38:45,364 - INFO - src.routes.routes - Model: gpt-5-mini | Use Database: False | Relevant Documents: 10 | Mode: public | Search Mode: "
2025-11-12T18:50:00.6896539Z,"2025-11-12 18:50:00,689 - INFO - src.routes.routes - Model: gpt-5-mini | Use Database: False | Relevant Documents: 10 | Mode: public | Search Mode: "
2025-11-13T06:49:31.1702797Z,"2025-11-13 06:49:31,154 - INFO - src.routes.routes - Model: sonar | Use Database: False | Relevant Documents: 10 | Mode:  | Search Mode: internet"
2025-11-13T07:29:15.7810256Z,"2025-11-13 07:29:15,779 - INFO - src.routes.routes - Model: gpt-5-mini | Use Database: False | Relevant Documents: 10 | Mode:  | Search Mode: "
2025-11-13T07:43:38.0057973Z,"2025-11-13 07:43:38,005 - INFO - src.routes.routes - Model: gpt-5-mini | Use Database: False | Relevant Documents: 10 | Mode:  | Search Mode: "
2025-11-13T07:54:54.4237619Z,"2025-11-13 07:54:54,423 - INFO - src.routes.routes - Model: gpt-5-mini | Use Database: False | Relevant Documents: 10 | Mode:  | Search Mode: "
2025-11-13T07:50:02.0167175Z,"2025-11-13 07:50:02,014 - INFO - src.routes.routes - Model: gpt-5-mini | Use Database: False | Relevant Documents: 10 | Mode:  | Search Mode: "
2025-11-13T07:53:56.2199179Z,"2025-11-13 07:53:56,219 - INFO - src.routes.routes - Model: gpt-5-mini | Use Database: False | Relevant Documents: 10 | Mode:  | Search Mode: "
2025-11-13T08:09:29.6477319Z,"2025-11-13 08:09:29,646 - INFO - src.routes.routes - Model: gpt-5-mini | Use Database: False | Relevant Documents: 10 | Mode:  | Search Mode: "
2025-11-13T08:20:47.0894617Z,"2025-11-13 08:20:47,088 - INFO - src.routes.routes - Model: sonar | Use Database: False | Relevant Documents: 10 | Mode:  | Search Mode: internet"
2025-11-13T08:25:17.0800338Z,"2025-11-13 08:25:17,079 - INFO - src.routes.routes - Model: sonar | Use Database: False | Relevant Documents: 10 | Mode:  | Search Mode: internet"
2025-11-13T08:33:26.4775138Z,"2025-11-13 08:33:26,477 - INFO - src.routes.routes - Model: sonar-reasoning | Use Database: False | Relevant Documents: 10 | Mode:  | Search Mode: internet"
2025-11-13T08:38:43.5706762Z,"2025-11-13 08:38:43,570 - INFO - src.routes.routes - Model: sonar-deep-research | Use Database: False | Relevant Documents: 10 | Mode:  | Search Mode: internet"
2025-11-13T09:00:16.0811495Z,"2025-11-13 09:00:16,080 - INFO - src.routes.routes - Model: sonar-deep-research | Use Database: False | Relevant Documents: 10 | Mode:  | Search Mode: internet"
2025-11-13T09:46:48.0595985Z,"2025-11-13 09:46:48,059 - INFO - src.routes.routes - Model: gpt-4.1 | Use Database: False | Relevant Documents: 10 | Mode:  | Search Mode: "
2025-11-13T10:16:03.4891632Z,"2025-11-13 10:16:03,487 - INFO - src.routes.routes - Model: sonar-reasoning | Use Database: False | Relevant Documents: 10 | Mode:  | Search Mode: internet"
2025-11-13T11:10:16.3924203Z,"2025-11-13 11:10:16,392 - INFO - src.routes.routes - Model: gpt-5-mini | Use Database: False | Relevant Documents: 10 | Mode:  | Search Mode: "
2025-11-13T11:11:35.9778981Z,"2025-11-13 11:11:35,977 - INFO - src.routes.routes - Model: gpt-5-mini | Use Database: False | Relevant Documents: 10 | Mode:  | Search Mode: "
2025-11-13T11:14:19.2478132Z,"2025-11-13 11:14:19,244 - INFO - src.routes.routes - Model: gpt-5-mini | Use Database: False | Relevant Documents: 10 | Mode:  | Search Mode: "
2025-11-13T11:22:34.0136788Z,"2025-11-13 11:22:34,013 - INFO - src.routes.routes - Model: gpt-5-mini | Use Database: False | Relevant Documents: 10 | Mode:  | Search Mode: "
2025-11-13T11:23:51.4704146Z,"2025-11-13 11:23:51,470 - INFO - src.routes.routes - Model: gpt-5-mini | Use Database: False | Relevant Documents: 10 | Mode:  | Search Mode: "
2025-11-13T11:24:08.8456234Z,"2025-11-13 11:24:08,845 - INFO - src.routes.routes - Model: sonar | Use Database: False | Relevant Documents: 10 | Mode:  | Search Mode: internet"
2025-11-13T12:42:42.1824376Z,"2025-11-13 12:42:42,182 - INFO - src.routes.routes - Model: sonar | Use Database: False | Relevant Documents: 10 | Mode:  | Search Mode: internet"
2025-11-13T12:43:18.0455699Z,"2025-11-13 12:43:18,045 - INFO - src.routes.routes - Model: gpt-5-mini | Use Database: False | Relevant Documents: 10 | Mode: public | Search Mode: "
2025-11-13T12:59:13.3202927Z,"2025-11-13 12:59:13,320 - INFO - src.routes.routes - Model: gpt-4.1 | Use Database: False | Relevant Documents: 10 | Mode:  | Search Mode: "
2025-11-13T13:04:39.1830839Z,"2025-11-13 13:04:39,182 - INFO - src.routes.routes - Model: gpt-4.1 | Use Database: False | Relevant Documents: 10 | Mode:  | Search Mode: "
2025-11-13T13:09:11.9361027Z,"2025-11-13 13:09:11,929 - INFO - src.routes.routes - Model: sonar-reasoning | Use Database: False | Relevant Documents: 10 | Mode:  | Search Mode: internet"
2025-11-13T13:12:32.5351774Z,"2025-11-13 13:12:32,534 - INFO - src.routes.routes - Model: gpt-5-mini | Use Database: False | Relevant Documents: 10 | Mode: public | Search Mode: "
2025-11-13T13:14:50.638792Z,"2025-11-13 13:14:50,638 - INFO - src.routes.routes - Model: sonar-reasoning | Use Database: False | Relevant Documents: 10 | Mode:  | Search Mode: internet"
2025-11-13T13:16:20.9589598Z,"2025-11-13 13:16:20,958 - INFO - src.routes.routes - Model: sonar-reasoning | Use Database: False | Relevant Documents: 10 | Mode:  | Search Mode: internet"
2025-11-13T13:16:22.187177Z,"2025-11-13 13:16:22,186 - INFO - src.routes.routes - Model: gpt-5-mini | Use Database: False | Relevant Documents: 10 | Mode: public | Search Mode: "
2025-11-13T13:21:24.2260429Z,"2025-11-13 13:21:24,225 - INFO - src.routes.routes - Model: gpt-5-mini | Use Database: False | Relevant Documents: 10 | Mode: public | Search Mode: "
2025-11-13T13:25:12.8628724Z,"2025-11-13 13:25:12,862 - INFO - src.routes.routes - Model: gpt-5-mini | Use Database: False | Relevant Documents: 10 | Mode: public | Search Mode: "
2025-11-13T13:38:31.4670571Z,"2025-11-13 13:38:31,466 - INFO - src.routes.routes - Model: sonar-reasoning | Use Database: False | Relevant Documents: 10 | Mode:  | Search Mode: internet"
2025-11-13T13:46:50.5038154Z,"2025-11-13 13:46:50,503 - INFO - src.routes.routes - Model: sonar-deep-research | Use Database: False | Relevant Documents: 10 | Mode:  | Search Mode: internet"
2025-11-13T13:47:57.5771106Z,"2025-11-13 13:47:57,576 - INFO - src.routes.routes - Model: gpt-5-mini | Use Database: False | Relevant Documents: 10 | Mode:  | Search Mode: "
2025-11-13T13:56:58.0523666Z,"2025-11-13 13:56:58,052 - INFO - src.routes.routes - Model: gpt-5-mini | Use Database: False | Relevant Documents: 10 | Mode: public | Search Mode: "
2025-11-13T14:11:48.2639607Z,"2025-11-13 14:11:48,260 - INFO - src.routes.routes - Model: sonar | Use Database: False | Relevant Documents: 10 | Mode:  | Search Mode: internet"
2025-11-13T14:20:47.3091041Z,"2025-11-13 14:20:47,308 - INFO - src.routes.routes - Model: gpt-5-mini | Use Database: False | Relevant Documents: 10 | Mode: public | Search Mode: "
2025-11-13T14:29:58.1010807Z,"2025-11-13 14:29:58,100 - INFO - src.routes.routes - Model: gpt-5-mini | Use Database: False | Relevant Documents: 10 | Mode: public | Search Mode: "
2025-11-13T14:40:40.3480696Z,"2025-11-13 14:40:40,347 - INFO - src.routes.routes - Model: gpt-4.1 | Use Database: False | Relevant Documents: 10 | Mode:  | Search Mode: "
2025-11-13T14:52:02.0368365Z,"2025-11-13 14:52:02,036 - INFO - src.routes.routes - Model: sonar | Use Database: False | Relevant Documents: 10 | Mode:  | Search Mode: internet"
2025-11-13T15:03:29.9422514Z,"2025-11-13 15:03:29,941 - INFO - src.routes.routes - Model: gpt-4.1 | Use Database: False | Relevant Documents: 10 | Mode:  | Search Mode: "
2025-11-13T15:14:49.5153026Z,"2025-11-13 15:14:49,515 - INFO - src.routes.routes - Model: gpt-5-mini | Use Database: False | Relevant Documents: 10 | Mode: public | Search Mode: "
2025-11-13T15:16:50.0508813Z,"2025-11-13 15:16:50,050 - INFO - src.routes.routes - Model: sonar | Use Database: False | Relevant Documents: 10 | Mode:  | Search Mode: internet"
2025-11-13T15:15:07.7631174Z,"2025-11-13 15:15:07,756 - INFO - src.routes.routes - Model: sonar | Use Database: False | Relevant Documents: 10 | Mode:  | Search Mode: internet"
2025-11-13T15:17:38.0906015Z,"2025-11-13 15:17:38,090 - INFO - src.routes.routes - Model: sonar | Use Database: False | Relevant Documents: 10 | Mode:  | Search Mode: internet"
2025-11-13T16:05:08.9203915Z,"2025-11-13 16:05:08,919 - INFO - src.routes.routes - Model: gpt-4.1 | Use Database: False | Relevant Documents: 10 | Mode:  | Search Mode: "
2025-11-13T16:54:17.4910227Z,"2025-11-13 16:54:17,490 - INFO - src.routes.routes - Model: sonar | Use Database: False | Relevant Documents: 10 | Mode:  | Search Mode: internet"
2025-11-13T16:54:21.2889403Z,"2025-11-13 16:54:21,288 - INFO - src.routes.routes - Model: gpt-5-mini | Use Database: False | Relevant Documents: 10 | Mode: public | Search Mode: "
2025-11-14T06:46:12.8036711Z,"2025-11-14 06:46:12,803 - INFO - src.routes.routes - Model: gpt-4.1 | Use Database: False | Relevant Documents: 10 | Mode:  | Search Mode: "
2025-11-14T06:46:51.5119292Z,"2025-11-14 06:46:51,511 - INFO - src.routes.routes - Model: gpt-4.1 | Use Database: False | Relevant Documents: 10 | Mode:  | Search Mode: "
2025-11-14T06:48:39.8814892Z,"2025-11-14 06:48:39,881 - INFO - src.routes.routes - Model: gpt-4.1 | Use Database: False | Relevant Documents: 10 | Mode:  | Search Mode: "
2025-11-14T06:51:02.7213453Z,"2025-11-14 06:51:02,721 - INFO - src.routes.routes - Model: gpt-4.1 | Use Database: False | Relevant Documents: 10 | Mode:  | Search Mode: "
2025-11-14T06:51:15.5301571Z,"2025-11-14 06:51:15,529 - INFO - src.routes.routes - Model: gpt-4.1 | Use Database: False | Relevant Documents: 10 | Mode:  | Search Mode: "
2025-11-14T07:20:21.3464577Z,"2025-11-14 07:20:21,346 - INFO - src.routes.routes - Model: gpt-5-mini | Use Database: False | Relevant Documents: 10 | Mode:  | Search Mode: "
2025-11-14T07:33:04.953156Z,"2025-11-14 07:33:04,952 - INFO - src.routes.routes - Model: gpt-5-mini | Use Database: False | Relevant Documents: 10 | Mode:  | Search Mode: "
2025-11-14T08:08:03.3715724Z,"2025-11-14 08:08:03,370 - INFO - src.routes.routes - Model: sonar-deep-research | Use Database: False | Relevant Documents: 10 | Mode:  | Search Mode: internet"
2025-11-14T08:29:43.6493832Z,"2025-11-14 08:29:43,648 - INFO - src.routes.routes - Model: gpt-5-mini | Use Database: False | Relevant Documents: 10 | Mode:  | Search Mode: "
2025-11-14T08:32:09.3921542Z,"2025-11-14 08:32:09,391 - INFO - src.routes.routes - Model: gpt-5-mini | Use Database: False | Relevant Documents: 10 | Mode:  | Search Mode: "
2025-11-14T09:36:02.9970593Z,"2025-11-14 09:36:02,996 - INFO - src.routes.routes - Model: sonar-reasoning | Use Database: False | Relevant Documents: 10 | Mode:  | Search Mode: internet"
2025-11-14T10:36:08.9288874Z,"2025-11-14 10:36:08,927 - INFO - src.routes.routes - Model: gpt-4.1 | Use Database: False | Relevant Documents: 10 | Mode:  | Search Mode: "
2025-11-14T10:43:38.6573525Z,"2025-11-14 10:43:38,657 - INFO - src.routes.routes - Model: sonar | Use Database: False | Relevant Documents: 10 | Mode:  | Search Mode: internet"
2025-11-14T11:00:51.9389647Z,"2025-11-14 11:00:51,932 - INFO - src.routes.routes - Model: sonar | Use Database: False | Relevant Documents: 10 | Mode:  | Search Mode: internet"
2025-11-14T12:08:25.7367295Z,"2025-11-14 12:08:25,735 - INFO - src.routes.routes - Model: sonar | Use Database: False | Relevant Documents: 10 | Mode:  | Search Mode: internet"
2025-11-14T12:10:06.6144465Z,"2025-11-14 12:10:06,614 - INFO - src.routes.routes - Model: sonar | Use Database: False | Relevant Documents: 10 | Mode:  | Search Mode: internet"
2025-11-14T12:30:25.3947465Z,"2025-11-14 12:30:25,394 - INFO - src.routes.routes - Model: gpt-5-mini | Use Database: False | Relevant Documents: 10 | Mode:  | Search Mode: "
2025-11-14T12:40:19.9414211Z,"2025-11-14 12:40:19,940 - INFO - src.routes.routes - Model: gpt-4.1 | Use Database: False | Relevant Documents: 10 | Mode:  | Search Mode: "
2025-11-14T12:40:43.8589884Z,"2025-11-14 12:40:43,858 - INFO - src.routes.routes - Model: gpt-4.1 | Use Database: False | Relevant Documents: 10 | Mode:  | Search Mode: "
2025-11-14T12:47:00.1974788Z,"2025-11-14 12:47:00,197 - INFO - src.routes.routes - Model: gpt-4.1 | Use Database: False | Relevant Documents: 10 | Mode:  | Search Mode: "
2025-11-14T13:27:46.8585778Z,"2025-11-14 13:27:46,858 - INFO - src.routes.routes - Model: sonar | Use Database: False | Relevant Documents: 10 | Mode:  | Search Mode: internet"
2025-11-14T14:01:21.8118365Z,"2025-11-14 14:01:21,811 - INFO - src.routes.routes - Model: gpt-5-mini | Use Database: False | Relevant Documents: 10 | Mode:  | Search Mode: "
2025-11-14T14:19:40.8222341Z,"2025-11-14 14:19:40,821 - INFO - src.routes.routes - Model: sonar | Use Database: False | Relevant Documents: 10 | Mode:  | Search Mode: internet"
2025-11-14T14:32:04.1582659Z,"2025-11-14 14:32:04,158 - INFO - src.routes.routes - Model: sonar | Use Database: False | Relevant Documents: 10 | Mode:  | Search Mode: internet"
2025-11-14T15:57:51.9202814Z,"2025-11-14 15:57:51,919 - INFO - src.routes.routes - Model: gpt-4.1 | Use Database: False | Relevant Documents: 10 | Mode:  | Search Mode: "
2025-11-15T08:57:24.5541331Z,"2025-11-15 08:57:24,530 - INFO - src.routes.routes - Model: gpt-5-mini | Use Database: False | Relevant Documents: 10 | Mode:  | Search Mode: "
2025-11-15T08:57:48.3739725Z,"2025-11-15 08:57:48,373 - INFO - src.routes.routes - Model: gpt-5-mini | Use Database: False | Relevant Documents: 10 | Mode:  | Search Mode: "
2025-11-15T08:58:10.3241647Z,"2025-11-15 08:58:10,323 - INFO - src.routes.routes - Model: gpt-5-mini | Use Database: False | Relevant Documents: 10 | Mode:  | Search Mode: "
2025-11-15T08:58:56.5410445Z,"2025-11-15 08:58:56,540 - INFO - src.routes.routes - Model: sonar | Use Database: False | Relevant Documents: 10 | Mode:  | Search Mode: internet"
2025-11-15T09:28:41.8313337Z,"2025-11-15 09:28:41,831 - INFO - src.routes.routes - Model: sonar | Use Database: False | Relevant Documents: 10 | Mode:  | Search Mode: internet"
2025-11-15T10:37:03.3289755Z,"2025-11-15 10:37:03,328 - INFO - src.routes.routes - Model: sonar | Use Database: False | Relevant Documents: 10 | Mode:  | Search Mode: internet"
2025-11-15T13:16:27.3500891Z,"2025-11-15 13:16:27,349 - INFO - src.routes.routes - Model: sonar | Use Database: False | Relevant Documents: 10 | Mode:  | Search Mode: internet"
2025-11-17T07:11:29.2821163Z,"2025-11-17 07:11:29,268 - INFO - src.routes.routes - Model: sonar | Use Database: False | Relevant Documents: 10 | Mode:  | Search Mode: internet"
2025-11-17T07:41:15.9397289Z,"2025-11-17 07:41:15,939 - INFO - src.routes.routes - Model: gpt-5-mini | Use Database: False | Relevant Documents: 10 | Mode:  | Search Mode: "
2025-11-17T07:42:06.8980447Z,"2025-11-17 07:42:06,897 - INFO - src.routes.routes - Model: gpt-5-mini | Use Database: False | Relevant Documents: 10 | Mode:  | Search Mode: "
2025-11-17T08:03:42.2700644Z,"2025-11-17 08:03:42,269 - INFO - src.routes.routes - Model: gpt-5-mini | Use Database: False | Relevant Documents: 10 | Mode:  | Search Mode: "
2025-11-17T08:05:08.5926388Z,"2025-11-17 08:05:08,592 - INFO - src.routes.routes - Model: gpt-5-mini | Use Database: False | Relevant Documents: 10 | Mode:  | Search Mode: "
2025-11-17T08:01:23.6413108Z,"2025-11-17 08:01:23,640 - INFO - src.routes.routes - Model: gpt-5-mini | Use Database: False | Relevant Documents: 10 | Mode:  | Search Mode: "
2025-11-17T08:07:32.2015738Z,"2025-11-17 08:07:32,201 - INFO - src.routes.routes - Model: gpt-5-mini | Use Database: False | Relevant Documents: 10 | Mode:  | Search Mode: "
2025-11-17T08:08:25.3672979Z,"2025-11-17 08:08:25,366 - INFO - src.routes.routes - Model: gpt-5-mini | Use Database: False | Relevant Documents: 10 | Mode:  | Search Mode: "
2025-11-17T08:23:05.5842999Z,"2025-11-17 08:23:05,584 - INFO - src.routes.routes - Model: sonar | Use Database: False | Relevant Documents: 10 | Mode:  | Search Mode: internet"
2025-11-17T08:43:44.0501015Z,"2025-11-17 08:43:44,049 - INFO - src.routes.routes - Model: sonar | Use Database: False | Relevant Documents: 10 | Mode:  | Search Mode: internet"
2025-11-17T08:47:10.4959178Z,"2025-11-17 08:47:10,488 - INFO - src.routes.routes - Model: gpt-5-mini | Use Database: False | Relevant Documents: 10 | Mode: public | Search Mode: "
2025-11-17T09:23:14.3064388Z,"2025-11-17 09:23:14,306 - INFO - src.routes.routes - Model: sonar | Use Database: False | Relevant Documents: 10 | Mode:  | Search Mode: internet"
2025-11-17T09:42:21.8609687Z,"2025-11-17 09:42:21,860 - INFO - src.routes.routes - Model: sonar | Use Database: False | Relevant Documents: 10 | Mode:  | Search Mode: internet"
2025-11-17T10:00:16.0793319Z,"2025-11-17 10:00:16,078 - INFO - src.routes.routes - Model: sonar | Use Database: False | Relevant Documents: 10 | Mode:  | Search Mode: internet"
2025-11-17T10:01:29.2868797Z,"2025-11-17 10:01:29,285 - INFO - src.routes.routes - Model: sonar | Use Database: False | Relevant Documents: 10 | Mode:  | Search Mode: internet"
2025-11-17T10:12:27.804612Z,"2025-11-17 10:12:27,804 - INFO - src.routes.routes - Model: sonar | Use Database: False | Relevant Documents: 10 | Mode:  | Search Mode: internet"
2025-11-17T10:24:29.0752008Z,"2025-11-17 10:24:29,075 - INFO - src.routes.routes - Model: gpt-5-mini | Use Database: False | Relevant Documents: 10 | Mode:  | Search Mode: "
2025-11-17T10:37:01.5894362Z,"2025-11-17 10:37:01,589 - INFO - src.routes.routes - Model: gpt-5-mini | Use Database: False | Relevant Documents: 10 | Mode: public | Search Mode: "
2025-11-17T10:42:36.08734Z,"2025-11-17 10:42:36,087 - INFO - src.routes.routes - Model: gpt-5-mini | Use Database: False | Relevant Documents: 10 | Mode:  | Search Mode: "
2025-11-17T10:43:16.6416558Z,"2025-11-17 10:43:16,641 - INFO - src.routes.routes - Model: gpt-5-mini | Use Database: False | Relevant Documents: 10 | Mode:  | Search Mode: "
2025-11-17T10:51:51.6633832Z,"2025-11-17 10:51:51,662 - INFO - src.routes.routes - Model: gpt-5-mini | Use Database: False | Relevant Documents: 10 | Mode:  | Search Mode: "
2025-11-17T10:52:05.7825984Z,"2025-11-17 10:52:05,782 - INFO - src.routes.routes - Model: gpt-5-mini | Use Database: False | Relevant Documents: 10 | Mode:  | Search Mode: "
2025-11-17T10:55:02.5527697Z,"2025-11-17 10:55:02,552 - INFO - src.routes.routes - Model: gpt-5-mini | Use Database: False | Relevant Documents: 10 | Mode: public | Search Mode: "
2025-11-17T10:56:38.5617121Z,"2025-11-17 10:56:38,561 - INFO - src.routes.routes - Model: gpt-5-mini | Use Database: False | Relevant Documents: 10 | Mode:  | Search Mode: "
2025-11-17T11:06:23.9741365Z,"2025-11-17 11:06:23,972 - INFO - src.routes.routes - Model: sonar | Use Database: False | Relevant Documents: 10 | Mode:  | Search Mode: internet"
2025-11-17T11:41:43.616818Z,"2025-11-17 11:41:43,616 - INFO - src.routes.routes - Model: sonar-deep-research | Use Database: False | Relevant Documents: 10 | Mode:  | Search Mode: internet"
2025-11-17T11:45:31.3015489Z,"2025-11-17 11:45:31,301 - INFO - src.routes.routes - Model: gpt-5-mini | Use Database: False | Relevant Documents: 10 | Mode:  | Search Mode: "
2025-11-17T11:46:38.0846542Z,"2025-11-17 11:46:38,084 - INFO - src.routes.routes - Model: gpt-5-mini | Use Database: False | Relevant Documents: 10 | Mode:  | Search Mode: "
2025-11-17T12:26:25.5248157Z,"2025-11-17 12:26:25,522 - INFO - src.routes.routes - Model: sonar-reasoning | Use Database: False | Relevant Documents: 10 | Mode:  | Search Mode: internet"
2025-11-17T12:51:59.5131004Z,"2025-11-17 12:51:59,512 - INFO - src.routes.routes - Model: gpt-5-mini | Use Database: False | Relevant Documents: 10 | Mode: public | Search Mode: "
2025-11-17T13:15:06.8075745Z,"2025-11-17 13:15:06,806 - INFO - src.routes.routes - Model: gpt-5-mini | Use Database: True | Relevant Documents: 10 | Mode: public | Search Mode: database"
2025-11-17T13:18:37.3276248Z,"2025-11-17 13:18:37,327 - INFO - src.routes.routes - Model: sonar | Use Database: False | Relevant Documents: 10 | Mode:  | Search Mode: internet"
2025-11-17T13:17:20.3576599Z,"2025-11-17 13:17:20,357 - INFO - src.routes.routes - Model: sonar | Use Database: False | Relevant Documents: 10 | Mode:  | Search Mode: internet"
2025-11-17T13:17:49.323146Z,"2025-11-17 13:17:49,322 - INFO - src.routes.routes - Model: sonar | Use Database: False | Relevant Documents: 10 | Mode:  | Search Mode: internet"
2025-11-17T13:37:55.0152783Z,"2025-11-17 13:37:55,015 - INFO - src.routes.routes - Model: gpt-5-mini | Use Database: False | Relevant Documents: 10 | Mode: public | Search Mode: "
2025-11-17T13:36:27.1935631Z,"2025-11-17 13:36:27,192 - INFO - src.routes.routes - Model: gpt-5-mini | Use Database: False | Relevant Documents: 10 | Mode:  | Search Mode: "
2025-11-17T13:48:26.2253557Z,"2025-11-17 13:48:26,225 - INFO - src.routes.routes - Model: sonar-reasoning | Use Database: False | Relevant Documents: 10 | Mode:  | Search Mode: internet"
2025-11-17T13:52:53.3344049Z,"2025-11-17 13:52:53,334 - INFO - src.routes.routes - Model: sonar-reasoning | Use Database: False | Relevant Documents: 10 | Mode:  | Search Mode: internet"
2025-11-17T13:54:00.1980088Z,"2025-11-17 13:54:00,197 - INFO - src.routes.routes - Model: sonar | Use Database: False | Relevant Documents: 10 | Mode:  | Search Mode: internet"
2025-11-17T13:56:02.7468969Z,"2025-11-17 13:56:02,746 - INFO - src.routes.routes - Model: gpt-5-mini | Use Database: False | Relevant Documents: 10 | Mode: public | Search Mode: "
2025-11-17T14:32:56.8888202Z,"2025-11-17 14:32:56,888 - INFO - src.routes.routes - Model: sonar | Use Database: False | Relevant Documents: 10 | Mode:  | Search Mode: internet"
2025-11-17T15:04:57.8735884Z,"2025-11-17 15:04:57,873 - INFO - src.routes.routes - Model: sonar | Use Database: False | Relevant Documents: 10 | Mode:  | Search Mode: internet"
2025-11-17T15:08:05.9103755Z,"2025-11-17 15:08:05,910 - INFO - src.routes.routes - Model: gpt-5-mini | Use Database: False | Relevant Documents: 10 | Mode:  | Search Mode: "
2025-11-17T15:10:35.7451718Z,"2025-11-17 15:10:35,744 - INFO - src.routes.routes - Model: gpt-5-mini | Use Database: False | Relevant Documents: 10 | Mode:  | Search Mode: "
2025-11-17T15:19:10.1455328Z,"2025-11-17 15:19:10,145 - INFO - src.routes.routes - Model: gpt-5-mini | Use Database: False | Relevant Documents: 10 | Mode:  | Search Mode: "
2025-11-17T16:34:03.2476664Z,"2025-11-17 16:34:03,247 - INFO - src.routes.routes - Model: sonar | Use Database: False | Relevant Documents: 10 | Mode:  | Search Mode: internet"
2025-11-17T16:40:38.5771381Z,"2025-11-17 16:40:38,576 - INFO - src.routes.routes - Model: sonar | Use Database: False | Relevant Documents: 10 | Mode:  | Search Mode: internet"
2025-11-17T17:24:59.2749643Z,"2025-11-17 17:24:59,268 - INFO - src.routes.routes - Model: gpt-5-mini | Use Database: False | Relevant Documents: 10 | Mode:  | Search Mode: "
2025-11-17T17:53:00.2876028Z,"2025-11-17 17:53:00,287 - INFO - src.routes.routes - Model: sonar | Use Database: False | Relevant Documents: 10 | Mode:  | Search Mode: internet"
2025-11-17T17:54:18.6435114Z,"2025-11-17 17:54:18,634 - INFO - src.routes.routes - Model: sonar | Use Database: False | Relevant Documents: 10 | Mode:  | Search Mode: internet"
2025-11-18T05:35:39.0178283Z,"2025-11-18 05:35:39,017 - INFO - src.routes.routes - Model: gpt-5-mini | Use Database: False | Relevant Documents: 10 | Mode:  | Search Mode: "
2025-11-18T05:50:33.4836442Z,"2025-11-18 05:50:33,483 - INFO - src.routes.routes - Model: gpt-5-mini | Use Database: False | Relevant Documents: 10 | Mode:  | Search Mode: "
2025-11-18T06:46:43.9569239Z,"2025-11-18 06:46:43,956 - INFO - src.routes.routes - Model: gpt-5-mini | Use Database: False | Relevant Documents: 10 | Mode:  | Search Mode: "
2025-11-18T06:52:17.4952301Z,"2025-11-18 06:52:17,494 - INFO - src.routes.routes - Model: gpt-5-mini | Use Database: False | Relevant Documents: 10 | Mode:  | Search Mode: "
2025-11-18T06:55:34.0108877Z,"2025-11-18 06:55:34,010 - INFO - src.routes.routes - Model: gpt-5-mini | Use Database: False | Relevant Documents: 10 | Mode:  | Search Mode: "
2025-11-18T07:10:30.8500459Z,"2025-11-18 07:10:30,849 - INFO - src.routes.routes - Model: gpt-5-mini | Use Database: False | Relevant Documents: 10 | Mode:  | Search Mode: "
2025-11-18T07:12:47.8573179Z,"2025-11-18 07:12:47,857 - INFO - src.routes.routes - Model: gpt-5-mini | Use Database: False | Relevant Documents: 10 | Mode:  | Search Mode: "
2025-11-18T07:15:26.4352734Z,"2025-11-18 07:15:26,434 - INFO - src.routes.routes - Model: gpt-5-mini | Use Database: True | Relevant Documents: 10 | Mode: default | Search Mode: database"
2025-11-18T07:16:51.5636728Z,"2025-11-18 07:16:51,563 - INFO - src.routes.routes - Model: gpt-5-mini | Use Database: False | Relevant Documents: 10 | Mode:  | Search Mode: "
2025-11-18T07:21:15.7982247Z,"2025-11-18 07:21:15,797 - INFO - src.routes.routes - Model: gpt-5-mini | Use Database: False | Relevant Documents: 10 | Mode:  | Search Mode: "
2025-11-18T07:21:28.6104719Z,"2025-11-18 07:21:28,610 - INFO - src.routes.routes - Model: gpt-5-mini | Use Database: False | Relevant Documents: 10 | Mode:  | Search Mode: "
2025-11-18T07:29:52.185942Z,"2025-11-18 07:29:52,185 - INFO - src.routes.routes - Model: gpt-5-mini | Use Database: False | Relevant Documents: 10 | Mode:  | Search Mode: "
2025-11-18T07:34:11.2989738Z,"2025-11-18 07:34:11,298 - INFO - src.routes.routes - Model: gpt-5-mini | Use Database: False | Relevant Documents: 10 | Mode:  | Search Mode: "
2025-11-18T07:34:30.2437741Z,"2025-11-18 07:34:30,243 - INFO - src.routes.routes - Model: gpt-5-mini | Use Database: False | Relevant Documents: 10 | Mode:  | Search Mode: "
2025-11-18T07:35:23.9614366Z,"2025-11-18 07:35:23,961 - INFO - src.routes.routes - Model: gpt-5-mini | Use Database: False | Relevant Documents: 10 | Mode:  | Search Mode: "
2025-11-18T07:50:58.5393371Z,"2025-11-18 07:50:58,539 - INFO - src.routes.routes - Model: gpt-5-mini | Use Database: False | Relevant Documents: 10 | Mode:  | Search Mode: "
2025-11-18T07:52:56.2503255Z,"2025-11-18 07:52:56,249 - INFO - src.routes.routes - Model: gpt-5-mini | Use Database: False | Relevant Documents: 10 | Mode:  | Search Mode: "
2025-11-18T07:57:23.4700424Z,"2025-11-18 07:57:23,469 - INFO - src.routes.routes - Model: sonar | Use Database: False | Relevant Documents: 10 | Mode:  | Search Mode: internet"
2025-11-18T07:55:35.1500558Z,"2025-11-18 07:55:35,147 - INFO - src.routes.routes - Model: gpt-5-mini | Use Database: False | Relevant Documents: 10 | Mode:  | Search Mode: "
2025-11-18T08:17:36.1552917Z,"2025-11-18 08:17:36,154 - INFO - src.routes.routes - Model: gpt-5-mini | Use Database: False | Relevant Documents: 10 | Mode:  | Search Mode: "
2025-11-18T08:22:51.1734316Z,"2025-11-18 08:22:51,173 - INFO - src.routes.routes - Model: gpt-5-mini | Use Database: False | Relevant Documents: 10 | Mode:  | Search Mode: "
2025-11-18T08:26:30.6957645Z,"2025-11-18 08:26:30,695 - INFO - src.routes.routes - Model: sonar | Use Database: False | Relevant Documents: 10 | Mode:  | Search Mode: internet"
2025-11-18T08:28:08.1533204Z,"2025-11-18 08:28:08,153 - INFO - src.routes.routes - Model: sonar | Use Database: False | Relevant Documents: 10 | Mode:  | Search Mode: internet"
2025-11-18T08:28:47.2895474Z,"2025-11-18 08:28:47,288 - INFO - src.routes.routes - Model: gpt-5-mini | Use Database: False | Relevant Documents: 10 | Mode:  | Search Mode: "
2025-11-18T08:37:29.8303335Z,"2025-11-18 08:37:29,829 - INFO - src.routes.routes - Model: gpt-5-mini | Use Database: False | Relevant Documents: 10 | Mode:  | Search Mode: "
2025-11-18T08:42:11.1892585Z,"2025-11-18 08:42:11,189 - INFO - src.routes.routes - Model: gpt-5-mini | Use Database: False | Relevant Documents: 10 | Mode:  | Search Mode: "
2025-11-18T08:38:14.3396567Z,"2025-11-18 08:38:14,339 - INFO - src.routes.routes - Model: gpt-5-mini | Use Database: True | Relevant Documents: 10 | Mode: public | Search Mode: database"
2025-11-18T08:51:21.6584351Z,"2025-11-18 08:51:21,658 - INFO - src.routes.routes - Model: gpt-5-mini | Use Database: False | Relevant Documents: 10 | Mode:  | Search Mode: "
2025-11-18T08:45:30.9716701Z,"2025-11-18 08:45:30,971 - INFO - src.routes.routes - Model: gpt-5-mini | Use Database: False | Relevant Documents: 10 | Mode:  | Search Mode: "
2025-11-18T08:53:10.1024416Z,"2025-11-18 08:53:10,102 - INFO - src.routes.routes - Model: sonar | Use Database: False | Relevant Documents: 10 | Mode:  | Search Mode: internet"
2025-11-18T08:52:21.4754774Z,"2025-11-18 08:52:21,474 - INFO - src.routes.routes - Model: sonar-reasoning | Use Database: False | Relevant Documents: 10 | Mode:  | Search Mode: internet"
2025-11-18T08:54:25.7195364Z,"2025-11-18 08:54:25,719 - INFO - src.routes.routes - Model: sonar | Use Database: False | Relevant Documents: 10 | Mode:  | Search Mode: internet"
2025-11-18T08:54:26.1998267Z,"2025-11-18 08:54:26,199 - INFO - src.routes.routes - Model: gpt-5-mini | Use Database: False | Relevant Documents: 10 | Mode:  | Search Mode: "
2025-11-18T08:56:21.4791266Z,"2025-11-18 08:56:21,478 - INFO - src.routes.routes - Model: gpt-5-mini | Use Database: False | Relevant Documents: 10 | Mode:  | Search Mode: "
2025-11-18T08:56:26.8326634Z,"2025-11-18 08:56:26,832 - INFO - src.routes.routes - Model: sonar | Use Database: False | Relevant Documents: 10 | Mode:  | Search Mode: internet"
2025-11-18T09:02:57.508428Z,"2025-11-18 09:02:57,508 - INFO - src.routes.routes - Model: gpt-5-mini | Use Database: False | Relevant Documents: 10 | Mode:  | Search Mode: "
2025-11-18T09:04:31.1236646Z,"2025-11-18 09:04:31,123 - INFO - src.routes.routes - Model: sonar | Use Database: False | Relevant Documents: 10 | Mode:  | Search Mode: internet"
2025-11-18T09:06:12.4716179Z,"2025-11-18 09:06:12,471 - INFO - src.routes.routes - Model: gpt-5-mini | Use Database: False | Relevant Documents: 10 | Mode:  | Search Mode: "
2025-11-18T09:00:05.6356448Z,"2025-11-18 09:00:05,635 - INFO - src.routes.routes - Model: gpt-5-mini | Use Database: False | Relevant Documents: 10 | Mode:  | Search Mode: "
2025-11-18T09:11:57.1958024Z,"2025-11-18 09:11:57,195 - INFO - src.routes.routes - Model: gpt-5-mini | Use Database: False | Relevant Documents: 10 | Mode:  | Search Mode: "
2025-11-18T09:08:12.3832138Z,"2025-11-18 09:08:12,382 - INFO - src.routes.routes - Model: gpt-5-mini | Use Database: False | Relevant Documents: 10 | Mode:  | Search Mode: "
2025-11-18T09:13:27.1692373Z,"2025-11-18 09:13:27,168 - INFO - src.routes.routes - Model: gpt-5-mini | Use Database: False | Relevant Documents: 10 | Mode:  | Search Mode: "
2025-11-18T09:21:21.18262Z,"2025-11-18 09:21:21,182 - INFO - src.routes.routes - Model: gpt-5-mini | Use Database: False | Relevant Documents: 10 | Mode:  | Search Mode: "
2025-11-18T09:24:42.4397945Z,"2025-11-18 09:24:42,439 - INFO - src.routes.routes - Model: gpt-5-mini | Use Database: False | Relevant Documents: 10 | Mode:  | Search Mode: "
2025-11-18T09:24:46.4894067Z,"2025-11-18 09:24:46,489 - INFO - src.routes.routes - Model: sonar | Use Database: False | Relevant Documents: 10 | Mode:  | Search Mode: internet"
2025-11-18T09:25:48.3193974Z,"2025-11-18 09:25:48,319 - INFO - src.routes.routes - Model: sonar | Use Database: False | Relevant Documents: 10 | Mode:  | Search Mode: internet"
2025-11-18T09:26:43.9694797Z,"2025-11-18 09:26:43,969 - INFO - src.routes.routes - Model: gpt-5-mini | Use Database: False | Relevant Documents: 10 | Mode:  | Search Mode: "
2025-11-18T09:28:28.2424771Z,"2025-11-18 09:28:28,242 - INFO - src.routes.routes - Model: sonar | Use Database: False | Relevant Documents: 10 | Mode:  | Search Mode: internet"
2025-11-18T09:28:47.9639608Z,"2025-11-18 09:28:47,963 - INFO - src.routes.routes - Model: gpt-5-mini | Use Database: False | Relevant Documents: 10 | Mode:  | Search Mode: "
2025-11-18T09:29:12.1116636Z,"2025-11-18 09:29:12,111 - INFO - src.routes.routes - Model: sonar | Use Database: False | Relevant Documents: 10 | Mode:  | Search Mode: internet"
2025-11-18T09:29:16.5585102Z,"2025-11-18 09:29:16,558 - INFO - src.routes.routes - Model: sonar | Use Database: False | Relevant Documents: 10 | Mode:  | Search Mode: internet"
2025-11-18T09:30:50.873191Z,"2025-11-18 09:30:50,872 - INFO - src.routes.routes - Model: sonar | Use Database: False | Relevant Documents: 10 | Mode:  | Search Mode: internet"
2025-11-18T09:32:30.1150112Z,"2025-11-18 09:32:30,114 - INFO - src.routes.routes - Model: gpt-5-mini | Use Database: False | Relevant Documents: 10 | Mode:  | Search Mode: "
2025-11-18T09:34:26.5344118Z,"2025-11-18 09:34:26,534 - INFO - src.routes.routes - Model: gpt-5-mini | Use Database: False | Relevant Documents: 10 | Mode:  | Search Mode: "
2025-11-18T09:34:42.7091704Z,"2025-11-18 09:34:42,708 - INFO - src.routes.routes - Model: gpt-5-mini | Use Database: False | Relevant Documents: 10 | Mode:  | Search Mode: "
2025-11-18T09:36:30.3170163Z,"2025-11-18 09:36:30,316 - INFO - src.routes.routes - Model: sonar | Use Database: False | Relevant Documents: 10 | Mode:  | Search Mode: internet"
2025-11-18T09:37:39.5162206Z,"2025-11-18 09:37:39,515 - INFO - src.routes.routes - Model: sonar | Use Database: False | Relevant Documents: 10 | Mode:  | Search Mode: internet"
2025-11-18T09:38:08.7786229Z,"2025-11-18 09:38:08,777 - INFO - src.routes.routes - Model: gpt-5-mini | Use Database: False | Relevant Documents: 10 | Mode:  | Search Mode: "
2025-11-18T09:38:20.7923008Z,"2025-11-18 09:38:20,791 - INFO - src.routes.routes - Model: sonar | Use Database: False | Relevant Documents: 10 | Mode:  | Search Mode: internet"
2025-11-18T09:39:32.2408861Z,"2025-11-18 09:39:32,237 - INFO - src.routes.routes - Model: gpt-5-mini | Use Database: False | Relevant Documents: 10 | Mode:  | Search Mode: "
2025-11-18T09:39:44.9642619Z,"2025-11-18 09:39:44,963 - INFO - src.routes.routes - Model: sonar | Use Database: False | Relevant Documents: 10 | Mode:  | Search Mode: internet"
2025-11-18T09:41:03.6862468Z,"2025-11-18 09:41:03,685 - INFO - src.routes.routes - Model: sonar | Use Database: False | Relevant Documents: 10 | Mode:  | Search Mode: internet"
2025-11-18T09:44:56.9734993Z,"2025-11-18 09:44:56,973 - INFO - src.routes.routes - Model: sonar | Use Database: False | Relevant Documents: 10 | Mode:  | Search Mode: internet"
2025-11-18T09:48:19.2783246Z,"2025-11-18 09:48:19,277 - INFO - src.routes.routes - Model: sonar | Use Database: False | Relevant Documents: 10 | Mode:  | Search Mode: internet"
2025-11-18T09:48:34.9428995Z,"2025-11-18 09:48:34,942 - INFO - src.routes.routes - Model: gpt-5-mini | Use Database: False | Relevant Documents: 10 | Mode:  | Search Mode: "
2025-11-18T09:49:52.3330966Z,"2025-11-18 09:49:52,332 - INFO - src.routes.routes - Model: gpt-5-mini | Use Database: False | Relevant Documents: 10 | Mode:  | Search Mode: "
2025-11-18T10:03:32.3620822Z,"2025-11-18 10:03:32,361 - INFO - src.routes.routes - Model: gpt-5-mini | Use Database: False | Relevant Documents: 10 | Mode:  | Search Mode: "
2025-11-18T11:46:02.2696807Z,"2025-11-18 11:46:02,269 - INFO - src.routes.routes - Model: gpt-5-mini | Use Database: False | Relevant Documents: 10 | Mode:  | Search Mode: "
2025-11-18T11:52:47.0880495Z,"2025-11-18 11:52:47,087 - INFO - src.routes.routes - Model: gpt-5-mini | Use Database: False | Relevant Documents: 10 | Mode:  | Search Mode: "
2025-11-18T12:06:58.5531771Z,"2025-11-18 12:06:58,549 - INFO - src.routes.routes - Model: sonar-reasoning | Use Database: False | Relevant Documents: 10 | Mode:  | Search Mode: internet"
2025-11-18T12:09:47.0649446Z,"2025-11-18 12:09:47,064 - INFO - src.routes.routes - Model: gpt-5-mini | Use Database: False | Relevant Documents: 10 | Mode:  | Search Mode: "
2025-11-18T12:27:22.5811093Z,"2025-11-18 12:27:22,580 - INFO - src.routes.routes - Model: sonar-deep-research | Use Database: False | Relevant Documents: 10 | Mode:  | Search Mode: internet"
2025-11-18T12:41:37.9389631Z,"2025-11-18 12:41:37,938 - INFO - src.routes.routes - Model: gpt-5-mini | Use Database: True | Relevant Documents: 10 | Mode: public | Search Mode: database"
2025-11-18T13:25:33.0157022Z,"2025-11-18 13:25:33,014 - INFO - src.routes.routes - Model: sonar | Use Database: False | Relevant Documents: 10 | Mode:  | Search Mode: internet"
2025-11-18T13:27:20.2104014Z,"2025-11-18 13:27:20,209 - INFO - src.routes.routes - Model: gpt-5-mini | Use Database: False | Relevant Documents: 10 | Mode:  | Search Mode: "
2025-11-18T13:27:39.5562808Z,"2025-11-18 13:27:39,555 - INFO - src.routes.routes - Model: gpt-5-mini | Use Database: False | Relevant Documents: 10 | Mode:  | Search Mode: "
2025-11-18T13:41:17.1131364Z,"2025-11-18 13:41:17,112 - INFO - src.routes.routes - Model: gpt-5-mini | Use Database: False | Relevant Documents: 10 | Mode:  | Search Mode: "
2025-11-18T13:54:57.7883844Z,"2025-11-18 13:54:57,687 - INFO - src.routes.routes - Model: gpt-5-mini | Use Database: True | Relevant Documents: 10 | Mode: public | Search Mode: database"
2025-11-18T13:55:06.7215806Z,"2025-11-18 13:55:06,720 - INFO - src.routes.routes - Model: gpt-5-mini | Use Database: False | Relevant Documents: 10 | Mode:  | Search Mode: "
2025-11-18T14:13:56.5010345Z,"2025-11-18 14:13:56,497 - INFO - src.routes.routes - Model: sonar | Use Database: False | Relevant Documents: 10 | Mode:  | Search Mode: internet"
2025-11-18T14:15:46.9755Z,"2025-11-18 14:15:46,974 - INFO - src.routes.routes - Model: gpt-5-mini | Use Database: False | Relevant Documents: 10 | Mode:  | Search Mode: "
2025-11-18T14:16:37.3572583Z,"2025-11-18 14:16:37,353 - INFO - src.routes.routes - Model: sonar | Use Database: False | Relevant Documents: 10 | Mode:  | Search Mode: internet"
2025-11-18T14:26:16.608693Z,"2025-11-18 14:26:16,608 - INFO - src.routes.routes - Model: gpt-5-mini | Use Database: False | Relevant Documents: 10 | Mode:  | Search Mode: "
2025-11-18T14:29:35.1904165Z,"2025-11-18 14:29:35,190 - INFO - src.routes.routes - Model: sonar | Use Database: False | Relevant Documents: 10 | Mode:  | Search Mode: internet"
2025-11-18T14:36:12.8668204Z,"2025-11-18 14:36:12,866 - INFO - src.routes.routes - Model: gpt-4.1 | Use Database: False | Relevant Documents: 10 | Mode:  | Search Mode: "
2025-11-18T14:38:19.7620342Z,"2025-11-18 14:38:19,761 - INFO - src.routes.routes - Model: gpt-5-mini | Use Database: True | Relevant Documents: 10 | Mode: default | Search Mode: database"
2025-11-18T14:46:42.0946789Z,"2025-11-18 14:46:42,094 - INFO - src.routes.routes - Model: gpt-5-mini | Use Database: False | Relevant Documents: 10 | Mode:  | Search Mode: "
2025-11-18T15:00:43.99504Z,"2025-11-18 15:00:43,994 - INFO - src.routes.routes - Model: sonar | Use Database: False | Relevant Documents: 10 | Mode:  | Search Mode: internet"
2025-11-18T15:01:23.2066165Z,"2025-11-18 15:01:23,206 - INFO - src.routes.routes - Model: gpt-5-mini | Use Database: False | Relevant Documents: 10 | Mode:  | Search Mode: "
2025-11-18T15:05:00.7285607Z,"2025-11-18 15:05:00,728 - INFO - src.routes.routes - Model: gpt-5-mini | Use Database: False | Relevant Documents: 10 | Mode:  | Search Mode: "
2025-11-18T15:08:34.825351Z,"2025-11-18 15:08:34,825 - INFO - src.routes.routes - Model: gpt-5-mini | Use Database: False | Relevant Documents: 10 | Mode:  | Search Mode: "
2025-11-18T15:10:31.7735764Z,"2025-11-18 15:10:31,773 - INFO - src.routes.routes - Model: gpt-5-mini | Use Database: False | Relevant Documents: 10 | Mode:  | Search Mode: "
2025-11-18T15:12:17.03998Z,"2025-11-18 15:12:17,039 - INFO - src.routes.routes - Model: gpt-5-mini | Use Database: False | Relevant Documents: 10 | Mode:  | Search Mode: "
2025-11-18T15:14:06.8469206Z,"2025-11-18 15:14:06,846 - INFO - src.routes.routes - Model: gpt-5-mini | Use Database: False | Relevant Documents: 10 | Mode:  | Search Mode: "
2025-11-18T15:18:01.9596626Z,"2025-11-18 15:18:01,959 - INFO - src.routes.routes - Model: gpt-5-mini | Use Database: False | Relevant Documents: 10 | Mode:  | Search Mode: "
2025-11-18T15:20:57.0289555Z,"2025-11-18 15:20:57,028 - INFO - src.routes.routes - Model: gpt-5-mini | Use Database: False | Relevant Documents: 10 | Mode:  | Search Mode: "
2025-11-18T15:23:53.1165536Z,"2025-11-18 15:23:53,115 - INFO - src.routes.routes - Model: sonar-reasoning | Use Database: False | Relevant Documents: 10 | Mode:  | Search Mode: internet"
2025-11-18T15:25:25.9013446Z,"2025-11-18 15:25:25,901 - INFO - src.routes.routes - Model: gpt-5-mini | Use Database: False | Relevant Documents: 10 | Mode:  | Search Mode: "
2025-11-18T15:28:03.4878564Z,"2025-11-18 15:28:03,487 - INFO - src.routes.routes - Model: gpt-5-mini | Use Database: False | Relevant Documents: 10 | Mode:  | Search Mode: "
2025-11-18T15:31:35.0103935Z,"2025-11-18 15:31:35,010 - INFO - src.routes.routes - Model: gpt-5-mini | Use Database: False | Relevant Documents: 10 | Mode:  | Search Mode: "
2025-11-18T15:35:04.4564865Z,"2025-11-18 15:35:04,456 - INFO - src.routes.routes - Model: gpt-5-mini | Use Database: False | Relevant Documents: 10 | Mode:  | Search Mode: "
2025-11-18T16:08:38.4124178Z,"2025-11-18 16:08:38,412 - INFO - src.routes.routes - Model: gpt-5-mini | Use Database: False | Relevant Documents: 10 | Mode:  | Search Mode: "
2025-11-18T17:02:35.7356564Z,"2025-11-18 17:02:35,735 - INFO - src.routes.routes - Model: gpt-5-mini | Use Database: False | Relevant Documents: 10 | Mode:  | Search Mode: "
2025-11-18T18:02:02.5153917Z,"2025-11-18 18:02:02,515 - INFO - src.routes.routes - Model: sonar-reasoning | Use Database: False | Relevant Documents: 10 | Mode:  | Search Mode: internet"
2025-11-18T20:53:07.8005852Z,"2025-11-18 20:53:07,800 - INFO - src.routes.routes - Model: gpt-5-mini | Use Database: False | Relevant Documents: 10 | Mode:  | Search Mode: "
